{ "_id" : { "$oid" : "5a713bf57c7a6c65dec2065a" }, "ag" : 1, "balance" : 140, "client" : { "$oid" : "5a713bdd62f4e265c4e9cfa8" }, "account_number" : 1, "password" : "$2a$10$G/iM2ZOnSTAFSpp9JM0.defpQuN6PK1e7SYhPa2Ot7htmCBasv.ue", "__v" : 0, "createdAt" : { "$date" : "2018-01-31T01:45:57.183-0200" }, "updatedAt" : { "$date" : "2018-01-31T01:45:57.183-0200" } }
{ "_id" : { "$oid" : "5a713bf57c7a6c65dec2065b" }, "ag" : 1, "balance" : 25061, "client" : { "$oid" : "5a713bdd62f4e265c4e9cfa9" }, "account_number" : 2, "password" : "$2a$10$jtog19XgpPEwfbt3Yktzre8i.QvAFSr3CDqRmYyGD1Uevo8D0TFny", "__v" : 0, "createdAt" : { "$date" : "2018-01-31T01:45:57.183-0200" }, "updatedAt" : { "$date" : "2018-01-31T01:45:57.183-0200" } }
{ "_id" : { "$oid" : "5a713bf57c7a6c65dec2065c" }, "ag" : 1, "balance" : 19727.66, "client" : { "$oid" : "5a713bdd62f4e265c4e9cfa9" }, "account_number" : 3, "password" : "$2a$10$s3Sw1Hz9d79S00VUDo433OUIGark5nIcA.B12sfUO/thedgIdTfim", "__v" : 0, "createdAt" : { "$date" : "2018-01-31T01:45:57.183-0200" }, "updatedAt" : { "$date" : "2018-01-31T01:45:57.183-0200" } }
{ "_id" : { "$oid" : "5a713bf57c7a6c65dec2065d" }, "ag" : 1, "balance" : 24909, "client" : { "$oid" : "5a713bdd62f4e265c4e9cfaa" }, "account_number" : 4, "password" : "$2a$10$UQZnKC83maA4ttASsLB5teCtG8.kW8J1fATWFw5WlKUfoOjlB4eEy", "__v" : 0, "createdAt" : { "$date" : "2018-01-31T01:45:57.183-0200" }, "updatedAt" : { "$date" : "2018-01-31T01:45:57.183-0200" } }
{ "_id" : { "$oid" : "5a713bf57c7a6c65dec2065e" }, "ag" : 1, "balance" : 25058, "client" : { "$oid" : "5a713bdd62f4e265c4e9cfaa" }, "account_number" : 5, "password" : "$2a$10$nV76gNCUsnVEO/HYYR/BLOyRcblLZzVxacRq7uwl09Xf3IXcC6rE.", "__v" : 0, "createdAt" : { "$date" : "2018-01-31T01:45:57.183-0200" }, "updatedAt" : { "$date" : "2018-01-31T01:45:57.183-0200" } }
{ "_id" : { "$oid" : "5a713bf57c7a6c65dec2065f" }, "ag" : 1, "balance" : 25047, "client" : { "$oid" : "5a713bdd62f4e265c4e9cfab" }, "account_number" : 6, "password" : "$2a$10$cz8ksAnW1yK.TLoGB.tRa.JS9BBq8g316aaWRivn7mPlA6urNQvDW", "__v" : 0, "createdAt" : { "$date" : "2018-01-31T01:45:57.183-0200" }, "updatedAt" : { "$date" : "2018-01-31T01:45:57.183-0200" } }
{ "_id" : { "$oid" : "5a713bf57c7a6c65dec20660" }, "ag" : 1, "balance" : 25005, "client" : { "$oid" : "5a713bdd62f4e265c4e9cfab" }, "account_number" : 7, "password" : "$2a$10$kzo04ExcRaEp5RF6dGPL2uoLe4cr20gCSqFWOeIZAvXXYSMzpWz7C", "__v" : 0, "createdAt" : { "$date" : "2018-01-31T01:45:57.183-0200" }, "updatedAt" : { "$date" : "2018-01-31T01:45:57.183-0200" } }
{ "_id" : { "$oid" : "5a713bf57c7a6c65dec20661" }, "ag" : 1, "balance" : 24995, "client" : { "$oid" : "5a713bdd62f4e265c4e9cfac" }, "account_number" : 8, "password" : "$2a$10$ivcR57w1u225VfwguEKy2Oo7F3qt67tltKr5QUdXnfBOiK2vIID2e", "__v" : 0, "createdAt" : { "$date" : "2018-01-31T01:45:57.183-0200" }, "updatedAt" : { "$date" : "2018-01-31T01:45:57.183-0200" } }
{ "_id" : { "$oid" : "5a713bf57c7a6c65dec20662" }, "ag" : 1, "balance" : 26174, "client" : { "$oid" : "5a713bdd62f4e265c4e9cfac" }, "account_number" : 9, "password" : "$2a$10$2XDBqRyUj33R/kM20zOnAu9DHR290eF6ieASc.IT6DRcyGxGIa96e", "__v" : 0, "createdAt" : { "$date" : "2018-01-31T01:45:57.184-0200" }, "updatedAt" : { "$date" : "2018-01-31T01:45:57.184-0200" } }
{ "_id" : { "$oid" : "5a713bf57c7a6c65dec20663" }, "ag" : 1, "balance" : 24969, "client" : { "$oid" : "5a713bdd62f4e265c4e9cfac" }, "account_number" : 10, "password" : "$2a$10$0Ho1Mp7d0OTw1Cwep1ms1uj5hFz0Oy4/LsbNVX6ymT7jvLtcAENQG", "__v" : 0, "createdAt" : { "$date" : "2018-01-31T01:45:57.184-0200" }, "updatedAt" : { "$date" : "2018-01-31T01:45:57.184-0200" } }
{ "_id" : { "$oid" : "5a713bf57c7a6c65dec20664" }, "ag" : 1, "balance" : 24936, "client" : { "$oid" : "5a713bdd62f4e265c4e9cfad" }, "account_number" : 11, "password" : "$2a$10$aeeiJFJVdhRTEvuy/QWCp.iPLvIkPGXy2p3HR0m7WtzPftfJ4DNaO", "__v" : 0, "createdAt" : { "$date" : "2018-01-31T01:45:57.184-0200" }, "updatedAt" : { "$date" : "2018-01-31T01:45:57.184-0200" } }
{ "_id" : { "$oid" : "5a713bf57c7a6c65dec20665" }, "ag" : 1, "balance" : 25108, "client" : { "$oid" : "5a713bdd62f4e265c4e9cfad" }, "account_number" : 12, "password" : "$2a$10$pJaLHHwj6MAh6mINvdRo3.C603F754Z0RDOtUi8/3BLC/zVeNeZMq", "__v" : 0, "createdAt" : { "$date" : "2018-01-31T01:45:57.184-0200" }, "updatedAt" : { "$date" : "2018-01-31T01:45:57.184-0200" } }
{ "_id" : { "$oid" : "5a713bf57c7a6c65dec20666" }, "ag" : 1, "balance" : 24829, "client" : { "$oid" : "5a713bdd62f4e265c4e9cfad" }, "account_number" : 13, "password" : "$2a$10$/QG.ApdFioesBMYlSt6giuYaDQCREGDOfoCz1ryfJ4FBj7pWBMLpy", "__v" : 0, "createdAt" : { "$date" : "2018-01-31T01:45:57.184-0200" }, "updatedAt" : { "$date" : "2018-01-31T01:45:57.184-0200" } }
{ "_id" : { "$oid" : "5a713bf57c7a6c65dec20667" }, "ag" : 1, "balance" : 25092, "client" : { "$oid" : "5a713bdd62f4e265c4e9cfae" }, "account_number" : 14, "password" : "$2a$10$2JqfJtFixyC.lLhTEsfIHOZG2elwCWPNDZAC1Cs3/ZZ4d8tzEGHFq", "__v" : 0, "createdAt" : { "$date" : "2018-01-31T01:45:57.184-0200" }, "updatedAt" : { "$date" : "2018-01-31T01:45:57.184-0200" } }
{ "_id" : { "$oid" : "5a713bf57c7a6c65dec20668" }, "ag" : 1, "balance" : 25068, "client" : { "$oid" : "5a713bdd62f4e265c4e9cfae" }, "account_number" : 15, "password" : "$2a$10$u02IH6pnXP7qay2WH3tPkO9tx9XKRQlreCxXQG7bVq1KzR0QwtFtG", "__v" : 0, "createdAt" : { "$date" : "2018-01-31T01:45:57.184-0200" }, "updatedAt" : { "$date" : "2018-01-31T01:45:57.184-0200" } }
{ "_id" : { "$oid" : "5a713bf57c7a6c65dec20669" }, "ag" : 1, "balance" : 24852, "client" : { "$oid" : "5a713bdd62f4e265c4e9cfaf" }, "account_number" : 16, "password" : "$2a$10$N8KBw7eK5Zw0ZXyMYgrNr.YXhTNMMWjanmgJYDwAn6NWtzdMIEDzm", "__v" : 0, "createdAt" : { "$date" : "2018-01-31T01:45:57.184-0200" }, "updatedAt" : { "$date" : "2018-01-31T01:45:57.184-0200" } }
{ "_id" : { "$oid" : "5a713bf57c7a6c65dec2066a" }, "ag" : 1, "balance" : 25161, "client" : { "$oid" : "5a713bdd62f4e265c4e9cfaf" }, "account_number" : 17, "password" : "$2a$10$JY8V7vMVzC6XmFHKk5UAeOKeD4aRem82usHoY0FIBG6fpVL43oP.2", "__v" : 0, "createdAt" : { "$date" : "2018-01-31T01:45:57.184-0200" }, "updatedAt" : { "$date" : "2018-01-31T01:45:57.184-0200" } }
{ "_id" : { "$oid" : "5a713bf57c7a6c65dec2066b" }, "ag" : 1, "balance" : 24762, "client" : { "$oid" : "5a713bdd62f4e265c4e9cfaf" }, "account_number" : 18, "password" : "$2a$10$w9fgqinQEiKA52MPrA/LqO2U.6RKCZOCycAUnm5CPQWbJSs47tdkK", "__v" : 0, "createdAt" : { "$date" : "2018-01-31T01:45:57.184-0200" }, "updatedAt" : { "$date" : "2018-01-31T01:45:57.184-0200" } }
{ "_id" : { "$oid" : "5a713bf57c7a6c65dec2066c" }, "ag" : 1, "balance" : 25073, "client" : { "$oid" : "5a713bdd62f4e265c4e9cfb0" }, "account_number" : 19, "password" : "$2a$10$qQM2FdtBGd8PSBfV3.bsBejFciFrTuYjh7UDdHMK2zv8S9tp5CIhi", "__v" : 0, "createdAt" : { "$date" : "2018-01-31T01:45:57.184-0200" }, "updatedAt" : { "$date" : "2018-01-31T01:45:57.184-0200" } }
{ "_id" : { "$oid" : "5a713bf57c7a6c65dec2066d" }, "ag" : 1, "balance" : 25140, "client" : { "$oid" : "5a713bdd62f4e265c4e9cfb0" }, "account_number" : 20, "password" : "$2a$10$7P./UB1UtzPWXsRRFr3j2uXjytbQlRErxa7d.dPuxee1JpAPic3p.", "__v" : 0, "createdAt" : { "$date" : "2018-01-31T01:45:57.184-0200" }, "updatedAt" : { "$date" : "2018-01-31T01:45:57.184-0200" } }
{ "_id" : { "$oid" : "5a713bf57c7a6c65dec2066e" }, "ag" : 1, "balance" : 25017, "client" : { "$oid" : "5a713bdd62f4e265c4e9cfb1" }, "account_number" : 21, "password" : "$2a$10$.FU1JnQ5KKZgU5Nyfi2jm.3w9j4X7sCRobTCnbG7ujksQD.uJO4LO", "__v" : 0, "createdAt" : { "$date" : "2018-01-31T01:45:57.184-0200" }, "updatedAt" : { "$date" : "2018-01-31T01:45:57.184-0200" } }
{ "_id" : { "$oid" : "5a713bf57c7a6c65dec2066f" }, "ag" : 1, "balance" : 24567, "client" : { "$oid" : "5a713bdd62f4e265c4e9cfb2" }, "account_number" : 22, "password" : "$2a$10$kmi/As86aATPEIolqlVnlOMJdL9wdX0s0g7Z8gdjDvLXWhwR83JKW", "__v" : 0, "createdAt" : { "$date" : "2018-01-31T01:45:57.184-0200" }, "updatedAt" : { "$date" : "2018-01-31T01:45:57.184-0200" } }
{ "_id" : { "$oid" : "5a713bf57c7a6c65dec20670" }, "ag" : 1, "balance" : 25243, "client" : { "$oid" : "5a713bdd62f4e265c4e9cfb3" }, "account_number" : 23, "password" : "$2a$10$numSwNP8biLN5f.ktP3SZuuPFZ1VutGz98QvoiSuYgrrjCn4ix7Le", "__v" : 0, "createdAt" : { "$date" : "2018-01-31T01:45:57.184-0200" }, "updatedAt" : { "$date" : "2018-01-31T01:45:57.184-0200" } }
{ "_id" : { "$oid" : "5a713bf57c7a6c65dec20671" }, "ag" : 1, "balance" : 24140, "client" : { "$oid" : "5a713bdd62f4e265c4e9cfb3" }, "account_number" : 24, "password" : "$2a$10$Kg.ZotJeQPmhMYjEdTRVEOco2HWqUDLCDQzZ8YsRSfHKc.VkZRv3y", "__v" : 0, "createdAt" : { "$date" : "2018-01-31T01:45:57.184-0200" }, "updatedAt" : { "$date" : "2018-01-31T01:45:57.184-0200" } }
{ "_id" : { "$oid" : "5a713bf57c7a6c65dec20672" }, "ag" : 1, "balance" : 25989, "client" : { "$oid" : "5a713bdd62f4e265c4e9cfb3" }, "account_number" : 25, "password" : "$2a$10$o5yMLwb9meDWzo9ctiHRY.9.fZ9mDyJM4UxmO/PToop9vq7dccvm2", "__v" : 0, "createdAt" : { "$date" : "2018-01-31T01:45:57.184-0200" }, "updatedAt" : { "$date" : "2018-01-31T01:45:57.184-0200" } }
{ "_id" : { "$oid" : "5a713bf57c7a6c65dec20673" }, "ag" : 1, "balance" : 25056, "client" : { "$oid" : "5a713bdd62f4e265c4e9cfb4" }, "account_number" : 26, "password" : "$2a$10$.QGfF9t0V80mX64Ar7G6Ce7mqP.qzmXOUQQTwX7G81jYVQ1hFF0mq", "__v" : 0, "createdAt" : { "$date" : "2018-01-31T01:45:57.184-0200" }, "updatedAt" : { "$date" : "2018-01-31T01:45:57.184-0200" } }
{ "_id" : { "$oid" : "5a713bf57c7a6c65dec20674" }, "ag" : 1, "balance" : 25000, "client" : { "$oid" : "5a713bdd62f4e265c4e9cfb4" }, "account_number" : 27, "password" : "$2a$10$MEmoEfNlz9.THeJXLdELEOpgdHuTwVw8GfIoM3OKQ8cYqYFGsXpNO", "__v" : 0, "createdAt" : { "$date" : "2018-01-31T01:45:57.184-0200" }, "updatedAt" : { "$date" : "2018-01-31T01:45:57.184-0200" } }
{ "_id" : { "$oid" : "5a713bf57c7a6c65dec20675" }, "ag" : 1, "balance" : 24806, "client" : { "$oid" : "5a713bdd62f4e265c4e9cfb4" }, "account_number" : 28, "password" : "$2a$10$891cxpYebUNKtgVXdbHofeKhkUSNJg0j9U0Ibf.pTS4kGOOpyOvYe", "__v" : 0, "createdAt" : { "$date" : "2018-01-31T01:45:57.184-0200" }, "updatedAt" : { "$date" : "2018-01-31T01:45:57.184-0200" } }
{ "_id" : { "$oid" : "5a713bf57c7a6c65dec20676" }, "ag" : 1, "balance" : 25181, "client" : { "$oid" : "5a713bdd62f4e265c4e9cfb5" }, "account_number" : 29, "password" : "$2a$10$Uy9n3eKfgy1cZHhLJUl4jOqMwtAxLaUnkSv67C2UmY8GCloAH3Oxu", "__v" : 0, "createdAt" : { "$date" : "2018-01-31T01:45:57.184-0200" }, "updatedAt" : { "$date" : "2018-01-31T01:45:57.184-0200" } }
{ "_id" : { "$oid" : "5a713bf57c7a6c65dec20677" }, "ag" : 1, "balance" : 24907, "client" : { "$oid" : "5a713bdd62f4e265c4e9cfb5" }, "account_number" : 30, "password" : "$2a$10$nkFy7SHGAGuwX5kjO.bYzeNp3uAuDKxN4xkuiNv..MBsViEH.lZT2", "__v" : 0, "createdAt" : { "$date" : "2018-01-31T01:45:57.184-0200" }, "updatedAt" : { "$date" : "2018-01-31T01:45:57.184-0200" } }
{ "_id" : { "$oid" : "5a713bf57c7a6c65dec20678" }, "ag" : 1, "balance" : 25057, "client" : { "$oid" : "5a713bdd62f4e265c4e9cfb5" }, "account_number" : 31, "password" : "$2a$10$kGbyKw6OheE2HsLn8.Hu1eHhgK3bxFg4KS1aJJKf0cX3cIwdOHlTG", "__v" : 0, "createdAt" : { "$date" : "2018-01-31T01:45:57.184-0200" }, "updatedAt" : { "$date" : "2018-01-31T01:45:57.184-0200" } }
{ "_id" : { "$oid" : "5a713bf57c7a6c65dec20679" }, "ag" : 1, "balance" : 24858, "client" : { "$oid" : "5a713bdd62f4e265c4e9cfb6" }, "account_number" : 32, "password" : "$2a$10$TP5P0ufPjiQvO/UUfZ.X4uTTuQrKsnnsIYg8Swp8eMViE90J6f5tC", "__v" : 0, "createdAt" : { "$date" : "2018-01-31T01:45:57.184-0200" }, "updatedAt" : { "$date" : "2018-01-31T01:45:57.184-0200" } }
{ "_id" : { "$oid" : "5a713bf57c7a6c65dec2067a" }, "ag" : 1, "balance" : 25080, "client" : { "$oid" : "5a713bdd62f4e265c4e9cfb6" }, "account_number" : 33, "password" : "$2a$10$dIRerKDqzH3LyMCEMM7Ygu5Ar7XHd5bQ3Khja7yY3blHL0mwiLwJe", "__v" : 0, "createdAt" : { "$date" : "2018-01-31T01:45:57.185-0200" }, "updatedAt" : { "$date" : "2018-01-31T01:45:57.185-0200" } }
{ "_id" : { "$oid" : "5a713bf57c7a6c65dec2067b" }, "ag" : 1, "balance" : 25121, "client" : { "$oid" : "5a713bdd62f4e265c4e9cfb6" }, "account_number" : 34, "password" : "$2a$10$9ia9IJYFKGl2eqQekvwrmu8bAsG0fJhwz5ZcmFQLRlbtY48WVqOk6", "__v" : 0, "createdAt" : { "$date" : "2018-01-31T01:45:57.185-0200" }, "updatedAt" : { "$date" : "2018-01-31T01:45:57.185-0200" } }
{ "_id" : { "$oid" : "5a713bf57c7a6c65dec2067c" }, "ag" : 1, "balance" : 24972, "client" : { "$oid" : "5a713bdd62f4e265c4e9cfb7" }, "account_number" : 35, "password" : "$2a$10$npR0IZOipF4yF47e7TbVXuv4/V0bATR3eH1h2zgub8nH238056Liu", "__v" : 0, "createdAt" : { "$date" : "2018-01-31T01:45:57.185-0200" }, "updatedAt" : { "$date" : "2018-01-31T01:45:57.185-0200" } }
{ "_id" : { "$oid" : "5a713bf57c7a6c65dec2067d" }, "ag" : 1, "balance" : 24819, "client" : { "$oid" : "5a713bdd62f4e265c4e9cfb7" }, "account_number" : 36, "password" : "$2a$10$pOr9/bpFT71YDORyxpLjp.p4YC1CPpa8mZU3ykYmP94KishB763qC", "__v" : 0, "createdAt" : { "$date" : "2018-01-31T01:45:57.185-0200" }, "updatedAt" : { "$date" : "2018-01-31T01:45:57.185-0200" } }
{ "_id" : { "$oid" : "5a713bf57c7a6c65dec2067e" }, "ag" : 1, "balance" : 30213.1, "client" : { "$oid" : "5a713bdd62f4e265c4e9cfb7" }, "account_number" : 37, "password" : "$2a$10$G2OBJwZ31LMtH6PjYd6qge9r9sbWAFASD9EsoVyCgh5KH6XgGf1Pi", "__v" : 0, "createdAt" : { "$date" : "2018-01-31T01:45:57.185-0200" }, "updatedAt" : { "$date" : "2018-01-31T01:45:57.185-0200" } }
{ "_id" : { "$oid" : "5a713bf57c7a6c65dec2067f" }, "ag" : 1, "balance" : 25024, "client" : { "$oid" : "5a713bdd62f4e265c4e9cfb8" }, "account_number" : 38, "password" : "$2a$10$fZHjuUqAOa0ESXtm/ayX3.T8J7fT.XNZHJDTfDst/UXrY6SAvMWja", "__v" : 0, "createdAt" : { "$date" : "2018-01-31T01:45:57.185-0200" }, "updatedAt" : { "$date" : "2018-01-31T01:45:57.185-0200" } }
{ "_id" : { "$oid" : "5a713bf57c7a6c65dec20680" }, "ag" : 1, "balance" : 25055, "client" : { "$oid" : "5a713bdd62f4e265c4e9cfb8" }, "account_number" : 39, "password" : "$2a$10$juoaHhs5ArolSuWx1leSIONigBgnciDu6xFIB8IteteKq3diHb0L6", "__v" : 0, "createdAt" : { "$date" : "2018-01-31T01:45:57.185-0200" }, "updatedAt" : { "$date" : "2018-01-31T01:45:57.185-0200" } }
{ "_id" : { "$oid" : "5a713bf57c7a6c65dec20681" }, "ag" : 1, "balance" : 24804, "client" : { "$oid" : "5a713bdd62f4e265c4e9cfb9" }, "account_number" : 40, "password" : "$2a$10$pppZOYPHoKrOT0RvZT4LN.4Uj.SOGj/Tgx3rWwXh01ivZ9F3fw4Qq", "__v" : 0, "createdAt" : { "$date" : "2018-01-31T01:45:57.185-0200" }, "updatedAt" : { "$date" : "2018-01-31T01:45:57.185-0200" } }
{ "_id" : { "$oid" : "5a713bf57c7a6c65dec20682" }, "ag" : 1, "balance" : 25175, "client" : { "$oid" : "5a713bdd62f4e265c4e9cfb9" }, "account_number" : 41, "password" : "$2a$10$TSapL3B5hNZaI9YooPk5S.PURLJqd3pSD7Hwbs.7D.sYOi3hbpx1C", "__v" : 0, "createdAt" : { "$date" : "2018-01-31T01:45:57.185-0200" }, "updatedAt" : { "$date" : "2018-01-31T01:45:57.185-0200" } }
{ "_id" : { "$oid" : "5a713bf57c7a6c65dec20683" }, "ag" : 1, "balance" : 24977, "client" : { "$oid" : "5a713bdd62f4e265c4e9cfba" }, "account_number" : 42, "password" : "$2a$10$9Stj/z/k36NR307s3kp.f.R7kZNRMrpFNrd.aVGR8B2byulpqJiKO", "__v" : 0, "createdAt" : { "$date" : "2018-01-31T01:45:57.185-0200" }, "updatedAt" : { "$date" : "2018-01-31T01:45:57.185-0200" } }
{ "_id" : { "$oid" : "5a713bf57c7a6c65dec20684" }, "ag" : 1, "balance" : 30663, "client" : { "$oid" : "5a713bdd62f4e265c4e9cfba" }, "account_number" : 43, "password" : "$2a$10$18JapZFBEZPUujiFhtdEd.xrDguP3dxlSyuMDPTnsaMbshrgoUpUi", "__v" : 0, "createdAt" : { "$date" : "2018-01-31T01:45:57.185-0200" }, "updatedAt" : { "$date" : "2018-01-31T01:45:57.185-0200" } }
{ "_id" : { "$oid" : "5a713bf57c7a6c65dec20685" }, "ag" : 1, "balance" : 24750, "client" : { "$oid" : "5a713bdd62f4e265c4e9cfba" }, "account_number" : 44, "password" : "$2a$10$jqEIG4SQshTYMcZpjq7pKux/ZRe1BRvnZHdNC/E2uWhBJfld.zYcG", "__v" : 0, "createdAt" : { "$date" : "2018-01-31T01:45:57.185-0200" }, "updatedAt" : { "$date" : "2018-01-31T01:45:57.185-0200" } }
{ "_id" : { "$oid" : "5a713bf57c7a6c65dec20686" }, "ag" : 1, "balance" : 36529, "client" : { "$oid" : "5a713bdd62f4e265c4e9cfbb" }, "account_number" : 45, "password" : "$2a$10$tmaXRQaP83hyn7jxlmq2eeG/lLYqMRFwy5EWbUs3/C.BaOiCLxBHa", "__v" : 0, "createdAt" : { "$date" : "2018-01-31T01:45:57.185-0200" }, "updatedAt" : { "$date" : "2018-01-31T01:45:57.185-0200" } }
{ "_id" : { "$oid" : "5a713bf57c7a6c65dec20687" }, "ag" : 1, "balance" : 34075, "client" : { "$oid" : "5a713bdd62f4e265c4e9cfbb" }, "account_number" : 46, "password" : "$2a$10$n.7agixE2XYG837UMKafAev3wkMYwTUT2D93Xod6oHFDHWTWDNPey", "__v" : 0, "createdAt" : { "$date" : "2018-01-31T01:45:57.185-0200" }, "updatedAt" : { "$date" : "2018-01-31T01:45:57.185-0200" } }
{ "_id" : { "$oid" : "5a713bf57c7a6c65dec20688" }, "ag" : 1, "balance" : 26223, "client" : { "$oid" : "5a713bdd62f4e265c4e9cfbc" }, "account_number" : 47, "password" : "$2a$10$w3oFien5H0uP/RsgOssU5eRXNj3IeA/6kh7DyomjgmagmUdGkmvSK", "__v" : 0, "createdAt" : { "$date" : "2018-01-31T01:45:57.185-0200" }, "updatedAt" : { "$date" : "2018-01-31T01:45:57.185-0200" } }
{ "_id" : { "$oid" : "5a713bf57c7a6c65dec20689" }, "ag" : 1, "balance" : 35724, "client" : { "$oid" : "5a713bdd62f4e265c4e9cfbc" }, "account_number" : 48, "password" : "$2a$10$KurEzmI9B9/trRsXP7OeaOKwpTNZT7NFmFkyEXuIdSkevs/dLvhnG", "__v" : 0, "createdAt" : { "$date" : "2018-01-31T01:45:57.185-0200" }, "updatedAt" : { "$date" : "2018-01-31T01:45:57.185-0200" } }
{ "_id" : { "$oid" : "5a713bf57c7a6c65dec2068a" }, "ag" : 1, "balance" : 27066, "client" : { "$oid" : "5a713bdd62f4e265c4e9cfbd" }, "account_number" : 49, "password" : "$2a$10$nDcoLiYnAG7/hCOs2xnyE.FvQYtdGdvz3.R17Je0e2Yq09aQ4h8Wy", "__v" : 0, "createdAt" : { "$date" : "2018-01-31T01:45:57.185-0200" }, "updatedAt" : { "$date" : "2018-01-31T01:45:57.185-0200" } }
{ "_id" : { "$oid" : "5a713bf57c7a6c65dec2068b" }, "ag" : 1, "balance" : 33259, "client" : { "$oid" : "5a713bdd62f4e265c4e9cfbd" }, "account_number" : 50, "password" : "$2a$10$ByPLbcNvjdks5rs6AbJiK.ddUYny1DrX1ZXBO/C9zFTpjWxnhXM0C", "__v" : 0, "createdAt" : { "$date" : "2018-01-31T01:45:57.185-0200" }, "updatedAt" : { "$date" : "2018-01-31T01:45:57.185-0200" } }
{ "_id" : { "$oid" : "5a713bf57c7a6c65dec2068c" }, "ag" : 1, "balance" : 24939, "client" : { "$oid" : "5a713bdd62f4e265c4e9cfbe" }, "account_number" : 51, "password" : "$2a$10$UoYDOdNmQaz.LbqEKt1J3uyNIBgSYWxQqWR5eK8hozZLDbaLyb11q", "__v" : 0, "createdAt" : { "$date" : "2018-01-31T01:45:57.185-0200" }, "updatedAt" : { "$date" : "2018-01-31T01:45:57.185-0200" } }
{ "_id" : { "$oid" : "5a713bf57c7a6c65dec2068d" }, "ag" : 1, "balance" : 24915, "client" : { "$oid" : "5a713bdd62f4e265c4e9cfbe" }, "account_number" : 52, "password" : "$2a$10$nNf/jTZWPzOyBYnIyR1Atuw1wIZ.vOw5TjQyCA2QIcUmPB4iglFxK", "__v" : 0, "createdAt" : { "$date" : "2018-01-31T01:45:57.185-0200" }, "updatedAt" : { "$date" : "2018-01-31T01:45:57.185-0200" } }
{ "_id" : { "$oid" : "5a713bf57c7a6c65dec2068e" }, "ag" : 1, "balance" : 25186, "client" : { "$oid" : "5a713bdd62f4e265c4e9cfbe" }, "account_number" : 53, "password" : "$2a$10$npK5lXN9YSZ2bPEzBe8IyeVde3wrlP6bOQSc8hGHC.eSbGv.1/8O6", "__v" : 0, "createdAt" : { "$date" : "2018-01-31T01:45:57.185-0200" }, "updatedAt" : { "$date" : "2018-01-31T01:45:57.185-0200" } }
{ "_id" : { "$oid" : "5a713bf57c7a6c65dec2068f" }, "ag" : 1, "balance" : 24981, "client" : { "$oid" : "5a713bdd62f4e265c4e9cfbf" }, "account_number" : 54, "password" : "$2a$10$NVosWgYBHplmDbGsp4A3p.Fn.N6nDVmt7ToNeEd18CJK2a6URCWOa", "__v" : 0, "createdAt" : { "$date" : "2018-01-31T01:45:57.185-0200" }, "updatedAt" : { "$date" : "2018-01-31T01:45:57.185-0200" } }
{ "_id" : { "$oid" : "5a713bf57c7a6c65dec20690" }, "ag" : 1, "balance" : 24573, "client" : { "$oid" : "5a713bdd62f4e265c4e9cfbf" }, "account_number" : 55, "password" : "$2a$10$L7SA3TOc.hrxXYU12Q65u.6evWgcDnI.bxPoOwWL61aG3YbzD1UMa", "__v" : 0, "createdAt" : { "$date" : "2018-01-31T01:45:57.185-0200" }, "updatedAt" : { "$date" : "2018-01-31T01:45:57.185-0200" } }
{ "_id" : { "$oid" : "5a713bf57c7a6c65dec20691" }, "ag" : 1, "balance" : 25281, "client" : { "$oid" : "5a713bdd62f4e265c4e9cfbf" }, "account_number" : 56, "password" : "$2a$10$oBOmifzoAI7Uv7qC/R9o2usx.2z5hAnRl8N0AxdhYRWW.Uc2JeWw6", "__v" : 0, "createdAt" : { "$date" : "2018-01-31T01:45:57.185-0200" }, "updatedAt" : { "$date" : "2018-01-31T01:45:57.185-0200" } }
{ "_id" : { "$oid" : "5a713bf57c7a6c65dec20692" }, "ag" : 1, "balance" : 25129, "client" : { "$oid" : "5a713bdd62f4e265c4e9cfc0" }, "account_number" : 57, "password" : "$2a$10$poXTLbylO0b7B3zFmng2IeAPR04hsXwLFDzLlzFZd.fn2PZ14NWXW", "__v" : 0, "createdAt" : { "$date" : "2018-01-31T01:45:57.186-0200" }, "updatedAt" : { "$date" : "2018-01-31T01:45:57.186-0200" } }
{ "_id" : { "$oid" : "5a713bf57c7a6c65dec20693" }, "ag" : 1, "balance" : 25035, "client" : { "$oid" : "5a713bdd62f4e265c4e9cfc0" }, "account_number" : 58, "password" : "$2a$10$nLpuAJYYqJtZ5Qujl4FXb.bxHle1nXjl0Vol.3eMosJGF8Kyi82d2", "__v" : 0, "createdAt" : { "$date" : "2018-01-31T01:45:57.186-0200" }, "updatedAt" : { "$date" : "2018-01-31T01:45:57.186-0200" } }
{ "_id" : { "$oid" : "5a713bf57c7a6c65dec20694" }, "ag" : 1, "balance" : 24821, "client" : { "$oid" : "5a713bdd62f4e265c4e9cfc1" }, "account_number" : 59, "password" : "$2a$10$rmHG0Pvl9GwevI/somtlS.37T6FQgsKjuuKORe.sgOF0DBaDc8l5S", "__v" : 0, "createdAt" : { "$date" : "2018-01-31T01:45:57.186-0200" }, "updatedAt" : { "$date" : "2018-01-31T01:45:57.186-0200" } }
{ "_id" : { "$oid" : "5a713bf57c7a6c65dec20695" }, "ag" : 1, "balance" : 24899, "client" : { "$oid" : "5a713bdd62f4e265c4e9cfc2" }, "account_number" : 60, "password" : "$2a$10$tfMgxcwzFTcwj.IMAyqWjuaKiMHe9eUGeuFXVQLo6dL4olZ7RsheG", "__v" : 0, "createdAt" : { "$date" : "2018-01-31T01:45:57.186-0200" }, "updatedAt" : { "$date" : "2018-01-31T01:45:57.186-0200" } }
{ "_id" : { "$oid" : "5a713bf57c7a6c65dec20696" }, "ag" : 1, "balance" : 25203, "client" : { "$oid" : "5a713bdd62f4e265c4e9cfc3" }, "account_number" : 61, "password" : "$2a$10$7MZd.rgbY2iDFYvlvtYbiu65iVo4miMl4G7bUe/j2IgX5LH3ovTGq", "__v" : 0, "createdAt" : { "$date" : "2018-01-31T01:45:57.186-0200" }, "updatedAt" : { "$date" : "2018-01-31T01:45:57.186-0200" } }
{ "_id" : { "$oid" : "5a713bf57c7a6c65dec20697" }, "ag" : 1, "balance" : 22011, "client" : { "$oid" : "5a713bdd62f4e265c4e9cfc3" }, "account_number" : 62, "password" : "$2a$10$Uz00eb7G5gjH1TixuZMvaOY9bI6dgjHu.3ddTXCkeSSUwWjbMwmcW", "__v" : 0, "createdAt" : { "$date" : "2018-01-31T01:45:57.186-0200" }, "updatedAt" : { "$date" : "2018-01-31T01:45:57.186-0200" } }
{ "_id" : { "$oid" : "5a713bf57c7a6c65dec20698" }, "ag" : 1, "balance" : 28062, "client" : { "$oid" : "5a713bdd62f4e265c4e9cfc4" }, "account_number" : 63, "password" : "$2a$10$vqgue7gXNYP/MQ0lpeuqf.QPYOuQEHh58XfwxBpaeq.e1ODQtSnSO", "__v" : 0, "createdAt" : { "$date" : "2018-01-31T01:45:57.186-0200" }, "updatedAt" : { "$date" : "2018-01-31T01:45:57.186-0200" } }
{ "_id" : { "$oid" : "5a713bf57c7a6c65dec20699" }, "ag" : 1, "balance" : 25003, "client" : { "$oid" : "5a713bdd62f4e265c4e9cfc5" }, "account_number" : 64, "password" : "$2a$10$HtWWl7kGCUX5RPgYNlgo8.7Qt2Joho9kJyYvgUhygb6XssZVL8pDW", "__v" : 0, "createdAt" : { "$date" : "2018-01-31T01:45:57.186-0200" }, "updatedAt" : { "$date" : "2018-01-31T01:45:57.186-0200" } }
{ "_id" : { "$oid" : "5a713bf57c7a6c65dec2069a" }, "ag" : 1, "balance" : 24937, "client" : { "$oid" : "5a713bdd62f4e265c4e9cfc5" }, "account_number" : 65, "password" : "$2a$10$e5/H2cGIk7ZjVofh8CPfEOsc.mtcvEC8/B7j73nd8o9GuvxSMEFd.", "__v" : 0, "createdAt" : { "$date" : "2018-01-31T01:45:57.186-0200" }, "updatedAt" : { "$date" : "2018-01-31T01:45:57.186-0200" } }
{ "_id" : { "$oid" : "5a713bf57c7a6c65dec2069b" }, "ag" : 1, "balance" : 25055, "client" : { "$oid" : "5a713bdd62f4e265c4e9cfc6" }, "account_number" : 66, "password" : "$2a$10$/o9fnaCN.zuBpIuImjHxuO.dDSYlQ9EYJkdDK8jzHFMwTDjqQVtvW", "__v" : 0, "createdAt" : { "$date" : "2018-01-31T01:45:57.186-0200" }, "updatedAt" : { "$date" : "2018-01-31T01:45:57.186-0200" } }
{ "_id" : { "$oid" : "5a713bf57c7a6c65dec2069c" }, "ag" : 1, "balance" : 24864, "client" : { "$oid" : "5a713bdd62f4e265c4e9cfc7" }, "account_number" : 67, "password" : "$2a$10$3ac7Rl.1GmGuu3bGp8U5PObVvjXhPcxMVJgG0zFUfmxD2IvoQQj9K", "__v" : 0, "createdAt" : { "$date" : "2018-01-31T01:45:57.186-0200" }, "updatedAt" : { "$date" : "2018-01-31T01:45:57.186-0200" } }
{ "_id" : { "$oid" : "5a713bf57c7a6c65dec2069d" }, "ag" : 1, "balance" : 25151, "client" : { "$oid" : "5a713bdd62f4e265c4e9cfc8" }, "account_number" : 68, "password" : "$2a$10$mp0V33ynNck8DoCicCkmB.gjYBHqB0iLnRSd46mwY9s5eD4SFyMC6", "__v" : 0, "createdAt" : { "$date" : "2018-01-31T01:45:57.186-0200" }, "updatedAt" : { "$date" : "2018-01-31T01:45:57.186-0200" } }
{ "_id" : { "$oid" : "5a713bf57c7a6c65dec2069e" }, "ag" : 1, "balance" : 24976, "client" : { "$oid" : "5a713bdd62f4e265c4e9cfc8" }, "account_number" : 69, "password" : "$2a$10$JJAus9x3Gj18YSjtNCNVpu/ZbgwjQO9wwojZF1sew36zsglMkkzX6", "__v" : 0, "createdAt" : { "$date" : "2018-01-31T01:45:57.186-0200" }, "updatedAt" : { "$date" : "2018-01-31T01:45:57.186-0200" } }
{ "_id" : { "$oid" : "5a713bf57c7a6c65dec2069f" }, "ag" : 1, "balance" : 25015, "client" : { "$oid" : "5a713bdd62f4e265c4e9cfc9" }, "account_number" : 70, "password" : "$2a$10$yqFqzgPUIb.umZjL2gML.ue7N.xcWJyWbw..0eMM77XyfhdYs7ouq", "__v" : 0, "createdAt" : { "$date" : "2018-01-31T01:45:57.186-0200" }, "updatedAt" : { "$date" : "2018-01-31T01:45:57.186-0200" } }
{ "_id" : { "$oid" : "5a713bf57c7a6c65dec206a0" }, "ag" : 1, "balance" : 24874, "client" : { "$oid" : "5a713bdd62f4e265c4e9cfc9" }, "account_number" : 71, "password" : "$2a$10$qNaqFFDnxrqEgMiukTryrOLQ5fDOxVckh0uy8rscdh5DSU.42vyhi", "__v" : 0, "createdAt" : { "$date" : "2018-01-31T01:45:57.186-0200" }, "updatedAt" : { "$date" : "2018-01-31T01:45:57.186-0200" } }
{ "_id" : { "$oid" : "5a713bf57c7a6c65dec206a1" }, "ag" : 1, "balance" : 25105, "client" : { "$oid" : "5a713bdd62f4e265c4e9cfc9" }, "account_number" : 72, "password" : "$2a$10$ETF/f1kQ8vfawIRIp0aKFexzzsuTQBxoGeXepx8LIAmVN8OHu77jW", "__v" : 0, "createdAt" : { "$date" : "2018-01-31T01:45:57.186-0200" }, "updatedAt" : { "$date" : "2018-01-31T01:45:57.186-0200" } }
{ "_id" : { "$oid" : "5a713bf57c7a6c65dec206a2" }, "ag" : 1, "balance" : 25003, "client" : { "$oid" : "5a713bdd62f4e265c4e9cfca" }, "account_number" : 73, "password" : "$2a$10$xJW4hVmJfEBYu8Macfjz6OdqDqDBtXws5TJ3nuEa9fXMQMbgHv.hW", "__v" : 0, "createdAt" : { "$date" : "2018-01-31T01:45:57.186-0200" }, "updatedAt" : { "$date" : "2018-01-31T01:45:57.186-0200" } }
{ "_id" : { "$oid" : "5a713bf57c7a6c65dec206a3" }, "ag" : 1, "balance" : 25012, "client" : { "$oid" : "5a713bdd62f4e265c4e9cfca" }, "account_number" : 74, "password" : "$2a$10$XOdh3rVvMg1wXxa/pGhgEeCcgKnmSTimQJbq0O8VyGFk43IngahmK", "__v" : 0, "createdAt" : { "$date" : "2018-01-31T01:45:57.186-0200" }, "updatedAt" : { "$date" : "2018-01-31T01:45:57.186-0200" } }
{ "_id" : { "$oid" : "5a713bf57c7a6c65dec206a4" }, "ag" : 1, "balance" : 24944, "client" : { "$oid" : "5a713bdd62f4e265c4e9cfcb" }, "account_number" : 75, "password" : "$2a$10$DXxWY7jGmNeVjArsG5jaieB/hxvHL20mFwtQghVAv3e96SEuIlHOq", "__v" : 0, "createdAt" : { "$date" : "2018-01-31T01:45:57.186-0200" }, "updatedAt" : { "$date" : "2018-01-31T01:45:57.186-0200" } }
{ "_id" : { "$oid" : "5a713bf57c7a6c65dec206a5" }, "ag" : 1, "balance" : 21397, "client" : { "$oid" : "5a713bdd62f4e265c4e9cfcb" }, "account_number" : 76, "password" : "$2a$10$QjQWuc7uNxgWT..8I8InTe5S7pkQLJLWXF8UMKBEiVgOcRWMPp1/i", "__v" : 0, "createdAt" : { "$date" : "2018-01-31T01:45:57.186-0200" }, "updatedAt" : { "$date" : "2018-01-31T01:45:57.186-0200" } }
{ "_id" : { "$oid" : "5a713bf57c7a6c65dec206a6" }, "ag" : 1, "balance" : 28648, "client" : { "$oid" : "5a713bdd62f4e265c4e9cfcb" }, "account_number" : 77, "password" : "$2a$10$FffAGxoIDC3evpkFAv1LFOOo3d4z88h7BVbtScBWs0I1eFSXBDfWG", "__v" : 0, "createdAt" : { "$date" : "2018-01-31T01:45:57.186-0200" }, "updatedAt" : { "$date" : "2018-01-31T01:45:57.186-0200" } }
{ "_id" : { "$oid" : "5a713bf57c7a6c65dec206a7" }, "ag" : 1, "balance" : 25025, "client" : { "$oid" : "5a713bdd62f4e265c4e9cfcc" }, "account_number" : 78, "password" : "$2a$10$En9KabLa2jnR7lQFL6/wVuYsIUPj2NL/fMofnxGx6QjigzJQjepwy", "__v" : 0, "createdAt" : { "$date" : "2018-01-31T01:45:57.186-0200" }, "updatedAt" : { "$date" : "2018-01-31T01:45:57.186-0200" } }
{ "_id" : { "$oid" : "5a713bf57c7a6c65dec206a8" }, "ag" : 1, "balance" : 25003, "client" : { "$oid" : "5a713bdd62f4e265c4e9cfcc" }, "account_number" : 79, "password" : "$2a$10$Rq7ncY2EDsGnHoD5wHbYHeIIbtW254fCXG7ijSNt1vIBANV8liSly", "__v" : 0, "createdAt" : { "$date" : "2018-01-31T01:45:57.186-0200" }, "updatedAt" : { "$date" : "2018-01-31T01:45:57.186-0200" } }
{ "_id" : { "$oid" : "5a713bf57c7a6c65dec206a9" }, "ag" : 1, "balance" : 24293, "client" : { "$oid" : "5a713bdd62f4e265c4e9cfcc" }, "account_number" : 80, "password" : "$2a$10$22zwB81xcRODxs5yL7sQX.8RJjOabNVyOVGZslwUepkERl5F6qQ3O", "__v" : 0, "createdAt" : { "$date" : "2018-01-31T01:45:57.186-0200" }, "updatedAt" : { "$date" : "2018-01-31T01:45:57.186-0200" } }
{ "_id" : { "$oid" : "5a713bf57c7a6c65dec206aa" }, "ag" : 1, "balance" : 25474, "client" : { "$oid" : "5a713bdd62f4e265c4e9cfcd" }, "account_number" : 81, "password" : "$2a$10$Gdensf.xsZfifwMUUj1qt.DRHPDeJZbAE.q7whzF19fqnI9f8p2k.", "__v" : 0, "createdAt" : { "$date" : "2018-01-31T01:45:57.186-0200" }, "updatedAt" : { "$date" : "2018-01-31T01:45:57.186-0200" } }
{ "_id" : { "$oid" : "5a713bf57c7a6c65dec206ab" }, "ag" : 1, "balance" : 25218, "client" : { "$oid" : "5a713bdd62f4e265c4e9cfcd" }, "account_number" : 82, "password" : "$2a$10$sa6e3mHjjzXXR0M.Z0OozeCBDTOK0SUXnqMc0h2dGBQg7tE.Gc8xa", "__v" : 0, "createdAt" : { "$date" : "2018-01-31T01:45:57.187-0200" }, "updatedAt" : { "$date" : "2018-01-31T01:45:57.187-0200" } }
{ "_id" : { "$oid" : "5a713bf57c7a6c65dec206ac" }, "ag" : 1, "balance" : 24986, "client" : { "$oid" : "5a713bdd62f4e265c4e9cfcd" }, "account_number" : 83, "password" : "$2a$10$eIAN7AYdIV/bz/6Zqn5y6eZ00W.c6LX4eH2P4lXrX599OU3csEGii", "__v" : 0, "createdAt" : { "$date" : "2018-01-31T01:45:57.187-0200" }, "updatedAt" : { "$date" : "2018-01-31T01:45:57.187-0200" } }
{ "_id" : { "$oid" : "5a713bf57c7a6c65dec206ad" }, "ag" : 1, "balance" : 24735, "client" : { "$oid" : "5a713bdd62f4e265c4e9cfce" }, "account_number" : 84, "password" : "$2a$10$KGxG4Zh.nawwegp8A26fMOGnb2X5PNr0CERt8e/Qss1iFptpaWkmS", "__v" : 0, "createdAt" : { "$date" : "2018-01-31T01:45:57.187-0200" }, "updatedAt" : { "$date" : "2018-01-31T01:45:57.187-0200" } }
{ "_id" : { "$oid" : "5a713bf57c7a6c65dec206ae" }, "ag" : 1, "balance" : 25167, "client" : { "$oid" : "5a713bdd62f4e265c4e9cfce" }, "account_number" : 85, "password" : "$2a$10$2F9O7NsiSmiWnbkV6r/p/OTiiSgvwR01g/CFF9xIxza4MIWv1Bv5u", "__v" : 0, "createdAt" : { "$date" : "2018-01-31T01:45:57.187-0200" }, "updatedAt" : { "$date" : "2018-01-31T01:45:57.187-0200" } }
{ "_id" : { "$oid" : "5a713bf57c7a6c65dec206af" }, "ag" : 1, "balance" : 25097, "client" : { "$oid" : "5a713bdd62f4e265c4e9cfce" }, "account_number" : 86, "password" : "$2a$10$feMRRXwuQbG3sRyTrTmi2el7DmXxr5oCH9fE3IGh28.1MS5r.ZeH2", "__v" : 0, "createdAt" : { "$date" : "2018-01-31T01:45:57.187-0200" }, "updatedAt" : { "$date" : "2018-01-31T01:45:57.187-0200" } }
{ "_id" : { "$oid" : "5a713bf57c7a6c65dec206b0" }, "ag" : 1, "balance" : 25008, "client" : { "$oid" : "5a713bdd62f4e265c4e9cfcf" }, "account_number" : 87, "password" : "$2a$10$5jmg/jJ6Oj5YJZAtUQiXGuSX97b8YcbBfUs3YXktKOqras30XeXyS", "__v" : 0, "createdAt" : { "$date" : "2018-01-31T01:45:57.187-0200" }, "updatedAt" : { "$date" : "2018-01-31T01:45:57.187-0200" } }
{ "_id" : { "$oid" : "5a713bf57c7a6c65dec206b1" }, "ag" : 1, "balance" : 24900, "client" : { "$oid" : "5a713bdd62f4e265c4e9cfcf" }, "account_number" : 88, "password" : "$2a$10$DAiEGaa9RUVZ3ukBDcCMJ.6CL5HgCtdG9BfrfEhiz4Su5kWBe.tfm", "__v" : 0, "createdAt" : { "$date" : "2018-01-31T01:45:57.187-0200" }, "updatedAt" : { "$date" : "2018-01-31T01:45:57.187-0200" } }
{ "_id" : { "$oid" : "5a713bf57c7a6c65dec206b2" }, "ag" : 1, "balance" : 24595.24, "client" : { "$oid" : "5a713bdd62f4e265c4e9cfcf" }, "account_number" : 89, "password" : "$2a$10$/bFgueF/wk4RkOblmlqhC.SdYeZMShO.QW85rH3FGHr5ME4PLTUhm", "__v" : 0, "createdAt" : { "$date" : "2018-01-31T01:45:57.187-0200" }, "updatedAt" : { "$date" : "2018-01-31T01:45:57.187-0200" } }
{ "_id" : { "$oid" : "5a713bf57c7a6c65dec206b3" }, "ag" : 1, "balance" : 25772, "client" : { "$oid" : "5a713bdd62f4e265c4e9cfd0" }, "account_number" : 90, "password" : "$2a$10$V3TErhvlz46Dswq.SgFtGe56jVm2uJ8eRzUzArBWOlRJCOc3xXUVO", "__v" : 0, "createdAt" : { "$date" : "2018-01-31T01:45:57.187-0200" }, "updatedAt" : { "$date" : "2018-01-31T01:45:57.187-0200" } }
{ "_id" : { "$oid" : "5a713bf57c7a6c65dec206b4" }, "ag" : 1, "balance" : 24936, "client" : { "$oid" : "5a713bdd62f4e265c4e9cfd0" }, "account_number" : 91, "password" : "$2a$10$HJ6BWgi5mGF.SSIbjYq/ie1K9hlJaqdlPoaJ1C6/puHcrrrVJf/R.", "__v" : 0, "createdAt" : { "$date" : "2018-01-31T01:45:57.187-0200" }, "updatedAt" : { "$date" : "2018-01-31T01:45:57.187-0200" } }
{ "_id" : { "$oid" : "5a713bf57c7a6c65dec206b5" }, "ag" : 1, "balance" : 25035, "client" : { "$oid" : "5a713bdd62f4e265c4e9cfd0" }, "account_number" : 92, "password" : "$2a$10$PxrOiEranWG9byMCtqwfmeQkNVe6aAnTXGycq0Vp/kQ91ZPVnQUZ.", "__v" : 0, "createdAt" : { "$date" : "2018-01-31T01:45:57.187-0200" }, "updatedAt" : { "$date" : "2018-01-31T01:45:57.187-0200" } }
{ "_id" : { "$oid" : "5a713bf57c7a6c65dec206b6" }, "ag" : 1, "balance" : 25026, "client" : { "$oid" : "5a713bdd62f4e265c4e9cfd1" }, "account_number" : 93, "password" : "$2a$10$Hr3OFQxrJFUr4vC2ZWF/D.AT7mMy./wWRSYxrqbrBYFfZ7x36OD.e", "__v" : 0, "createdAt" : { "$date" : "2018-01-31T01:45:57.187-0200" }, "updatedAt" : { "$date" : "2018-01-31T01:45:57.187-0200" } }
{ "_id" : { "$oid" : "5a713bf57c7a6c65dec206b7" }, "ag" : 1, "balance" : 24988, "client" : { "$oid" : "5a713bdd62f4e265c4e9cfd2" }, "account_number" : 94, "password" : "$2a$10$rOJnxeGZg.Z5N6bvBCHow.s0fjS6uiHqM1uUORkv22ww/9BKIFnTG", "__v" : 0, "createdAt" : { "$date" : "2018-01-31T01:45:57.187-0200" }, "updatedAt" : { "$date" : "2018-01-31T01:45:57.187-0200" } }
{ "_id" : { "$oid" : "5a713bf57c7a6c65dec206b8" }, "ag" : 1, "balance" : 24920, "client" : { "$oid" : "5a713bdd62f4e265c4e9cfd2" }, "account_number" : 95, "password" : "$2a$10$d8NmMWrFbbj/xuqBHz1IDObzTUUQYhdASHmF5RD7XQn92NBADnKnW", "__v" : 0, "createdAt" : { "$date" : "2018-01-31T01:45:57.187-0200" }, "updatedAt" : { "$date" : "2018-01-31T01:45:57.187-0200" } }
{ "_id" : { "$oid" : "5a713bf57c7a6c65dec206b9" }, "ag" : 1, "balance" : 24984, "client" : { "$oid" : "5a713bdd62f4e265c4e9cfd3" }, "account_number" : 96, "password" : "$2a$10$gZTEolkrWwHHf1DizgVzWuuWtY/0X2B5G7apEUOza1OlBRFuSjqp6", "__v" : 0, "createdAt" : { "$date" : "2018-01-31T01:45:57.187-0200" }, "updatedAt" : { "$date" : "2018-01-31T01:45:57.187-0200" } }
{ "_id" : { "$oid" : "5a713bf57c7a6c65dec206ba" }, "ag" : 1, "balance" : 25105, "client" : { "$oid" : "5a713bdd62f4e265c4e9cfd3" }, "account_number" : 97, "password" : "$2a$10$iXfvihSccJs0sIUcQ.QNiOyqm.yF1B.Gn..tmT3yFG4LLS9wY6Tqq", "__v" : 0, "createdAt" : { "$date" : "2018-01-31T01:45:57.187-0200" }, "updatedAt" : { "$date" : "2018-01-31T01:45:57.187-0200" } }
{ "_id" : { "$oid" : "5a713bf57c7a6c65dec206bb" }, "ag" : 1, "balance" : 24559, "client" : { "$oid" : "5a713bdd62f4e265c4e9cfd3" }, "account_number" : 98, "password" : "$2a$10$AjaE4u9XdV0C5Tn97gD4ze0OpN9YbrvMspLip23R4vPWy1EXGc1ku", "__v" : 0, "createdAt" : { "$date" : "2018-01-31T01:45:57.187-0200" }, "updatedAt" : { "$date" : "2018-01-31T01:45:57.187-0200" } }
{ "_id" : { "$oid" : "5a713bf57c7a6c65dec206bc" }, "ag" : 1, "balance" : 25310, "client" : { "$oid" : "5a713bdd62f4e265c4e9cfd4" }, "account_number" : 99, "password" : "$2a$10$zqpINgGxteA55OKTCoac8eNl8eJBPXCYMvjBeu1LbB0zqvIGGWXPO", "__v" : 0, "createdAt" : { "$date" : "2018-01-31T01:45:57.187-0200" }, "updatedAt" : { "$date" : "2018-01-31T01:45:57.187-0200" } }
{ "_id" : { "$oid" : "5a713bf57c7a6c65dec206bd" }, "ag" : 1, "balance" : 25124, "client" : { "$oid" : "5a713bdd62f4e265c4e9cfd5" }, "account_number" : 100, "password" : "$2a$10$aTke2MPlumfq/PENIR/ezOz0aGkZ5oK4Y/UTpqGpIXERYMQwdhq8.", "__v" : 0, "createdAt" : { "$date" : "2018-01-31T01:45:57.188-0200" }, "updatedAt" : { "$date" : "2018-01-31T01:45:57.188-0200" } }
{ "_id" : { "$oid" : "5a713bf57c7a6c65dec206be" }, "ag" : 1, "balance" : 24730, "client" : { "$oid" : "5a713bdd62f4e265c4e9cfd6" }, "account_number" : 101, "password" : "$2a$10$c3W/UUr8VXjiyuY4q0INtuIWXRJMKx3ZTVMlFL89to1lr6UByC2NG", "__v" : 0, "createdAt" : { "$date" : "2018-01-31T01:45:57.188-0200" }, "updatedAt" : { "$date" : "2018-01-31T01:45:57.188-0200" } }
{ "_id" : { "$oid" : "5a713bf57c7a6c65dec206bf" }, "ag" : 1, "balance" : 23749, "client" : { "$oid" : "5a713bdd62f4e265c4e9cfd7" }, "account_number" : 102, "password" : "$2a$10$NQ35M2KQohl972A49dhnVuUozT/x0ULqwDW3Jxj8d1vUrIbDhU0J2", "__v" : 0, "createdAt" : { "$date" : "2018-01-31T01:45:57.188-0200" }, "updatedAt" : { "$date" : "2018-01-31T01:45:57.188-0200" } }
{ "_id" : { "$oid" : "5a713bf57c7a6c65dec206c0" }, "ag" : 1, "balance" : 26269, "client" : { "$oid" : "5a713bdd62f4e265c4e9cfd7" }, "account_number" : 103, "password" : "$2a$10$1eH24AUZD6Se1P2iNST.l.v04LQErtqLhtgC53AEYwnLbR1fQXTja", "__v" : 0, "createdAt" : { "$date" : "2018-01-31T01:45:57.188-0200" }, "updatedAt" : { "$date" : "2018-01-31T01:45:57.188-0200" } }
{ "_id" : { "$oid" : "5a713bf57c7a6c65dec206c1" }, "ag" : 1, "balance" : 24954, "client" : { "$oid" : "5a713bdd62f4e265c4e9cfd8" }, "account_number" : 104, "password" : "$2a$10$RtLR1sO8vU8D/VumLJDM4uij.8WrMuBDE4iNjUNMVpbvDEb7WmGsm", "__v" : 0, "createdAt" : { "$date" : "2018-01-31T01:45:57.188-0200" }, "updatedAt" : { "$date" : "2018-01-31T01:45:57.188-0200" } }
{ "_id" : { "$oid" : "5a713bf57c7a6c65dec206c2" }, "ag" : 1, "balance" : 25278, "client" : { "$oid" : "5a713bdd62f4e265c4e9cfd8" }, "account_number" : 105, "password" : "$2a$10$RndPXujTMQk8.aGcYETezuHB6UugRSuJVFopNcBBWVDAnN3GZO3kW", "__v" : 0, "createdAt" : { "$date" : "2018-01-31T01:45:57.188-0200" }, "updatedAt" : { "$date" : "2018-01-31T01:45:57.188-0200" } }
{ "_id" : { "$oid" : "5a713bf57c7a6c65dec206c3" }, "ag" : 1, "balance" : 24824, "client" : { "$oid" : "5a713bdd62f4e265c4e9cfd8" }, "account_number" : 106, "password" : "$2a$10$2rHjAanYoMeojfU27FWz4.jnhbi4mb4FW4s/dh8bOdNSKok09jpU.", "__v" : 0, "createdAt" : { "$date" : "2018-01-31T01:45:57.188-0200" }, "updatedAt" : { "$date" : "2018-01-31T01:45:57.188-0200" } }
{ "_id" : { "$oid" : "5a713bf57c7a6c65dec206c4" }, "ag" : 1, "balance" : 25232, "client" : { "$oid" : "5a713bdd62f4e265c4e9cfd9" }, "account_number" : 107, "password" : "$2a$10$8bZkW19mrIMx9bX4mh89JeTJIt34dGvikp5VoVJBKBUUiDW7jNWW.", "__v" : 0, "createdAt" : { "$date" : "2018-01-31T01:45:57.188-0200" }, "updatedAt" : { "$date" : "2018-01-31T01:45:57.188-0200" } }
{ "_id" : { "$oid" : "5a713bf57c7a6c65dec206c5" }, "ag" : 1, "balance" : 24985, "client" : { "$oid" : "5a713bdd62f4e265c4e9cfda" }, "account_number" : 108, "password" : "$2a$10$t67hNwh4czpCvhWiGPbEvu2g0uHyxd4MbTx60JeiHepqkDt9M8X3W", "__v" : 0, "createdAt" : { "$date" : "2018-01-31T01:45:57.188-0200" }, "updatedAt" : { "$date" : "2018-01-31T01:45:57.188-0200" } }
{ "_id" : { "$oid" : "5a713bf57c7a6c65dec206c6" }, "ag" : 1, "balance" : 24689, "client" : { "$oid" : "5a713bdd62f4e265c4e9cfda" }, "account_number" : 109, "password" : "$2a$10$VpRZ5VIbqq5R2oqqJlHNBuqgZsJt6098UYSk0PeYoi50svxfG1RFy", "__v" : 0, "createdAt" : { "$date" : "2018-01-31T01:45:57.188-0200" }, "updatedAt" : { "$date" : "2018-01-31T01:45:57.188-0200" } }
{ "_id" : { "$oid" : "5a713bf57c7a6c65dec206c7" }, "ag" : 1, "balance" : 25315, "client" : { "$oid" : "5a713bdd62f4e265c4e9cfda" }, "account_number" : 110, "password" : "$2a$10$WRXT2ZGrJY4P8EiX0DKU1uyMhhR8jmocBcjYFRhc9rFs9muEr5kVW", "__v" : 0, "createdAt" : { "$date" : "2018-01-31T01:45:57.188-0200" }, "updatedAt" : { "$date" : "2018-01-31T01:45:57.188-0200" } }
{ "_id" : { "$oid" : "5a713bf57c7a6c65dec206c8" }, "ag" : 1, "balance" : 25023, "client" : { "$oid" : "5a713bdd62f4e265c4e9cfdb" }, "account_number" : 111, "password" : "$2a$10$zvuuSEkrqw6JlkLZdGthXOIMrkw4Fvthdmo5JzNi52t87Q9IaCuSq", "__v" : 0, "createdAt" : { "$date" : "2018-01-31T01:45:57.188-0200" }, "updatedAt" : { "$date" : "2018-01-31T01:45:57.188-0200" } }
{ "_id" : { "$oid" : "5a713bf57c7a6c65dec206c9" }, "ag" : 1, "balance" : 24790, "client" : { "$oid" : "5a713bdd62f4e265c4e9cfdb" }, "account_number" : 112, "password" : "$2a$10$.M4XVlDMJKIJMuAUDS89ouiIo.62a4h4RKOR8GMUryS2eLeUZbpKS", "__v" : 0, "createdAt" : { "$date" : "2018-01-31T01:45:57.188-0200" }, "updatedAt" : { "$date" : "2018-01-31T01:45:57.188-0200" } }
{ "_id" : { "$oid" : "5a713bf57c7a6c65dec206ca" }, "ag" : 1, "balance" : 25208, "client" : { "$oid" : "5a713bdd62f4e265c4e9cfdc" }, "account_number" : 113, "password" : "$2a$10$wx2l2cZtxMQbsKks41tuQOUSsVIW73oqw99Tyb7/pgqZgGNkkSrWm", "__v" : 0, "createdAt" : { "$date" : "2018-01-31T01:45:57.188-0200" }, "updatedAt" : { "$date" : "2018-01-31T01:45:57.188-0200" } }
{ "_id" : { "$oid" : "5a713bf57c7a6c65dec206cb" }, "ag" : 1, "balance" : 24927, "client" : { "$oid" : "5a713bdd62f4e265c4e9cfdc" }, "account_number" : 114, "password" : "$2a$10$inDAdXvqK5NgIt20XoWVdOElTrOLColjsY9OyjftsO1EDEhPkSXFC", "__v" : 0, "createdAt" : { "$date" : "2018-01-31T01:45:57.189-0200" }, "updatedAt" : { "$date" : "2018-01-31T01:45:57.189-0200" } }
{ "_id" : { "$oid" : "5a713bf57c7a6c65dec206cc" }, "ag" : 1, "balance" : 25066, "client" : { "$oid" : "5a713bdd62f4e265c4e9cfdd" }, "account_number" : 115, "password" : "$2a$10$DrNNRBlTdg9x/o3H/.JxjeOMN.jIQlhNXXcMp4m7AP25CI9aOiN0W", "__v" : 0, "createdAt" : { "$date" : "2018-01-31T01:45:57.189-0200" }, "updatedAt" : { "$date" : "2018-01-31T01:45:57.189-0200" } }
{ "_id" : { "$oid" : "5a713bf57c7a6c65dec206cd" }, "ag" : 1, "balance" : 24936, "client" : { "$oid" : "5a713bdd62f4e265c4e9cfde" }, "account_number" : 116, "password" : "$2a$10$5WH4CbZitgnjxLKEDeZ.N.cViARNaQog8LcKscOhCigXFUuKHdQVq", "__v" : 0, "createdAt" : { "$date" : "2018-01-31T01:45:57.189-0200" }, "updatedAt" : { "$date" : "2018-01-31T01:45:57.189-0200" } }
{ "_id" : { "$oid" : "5a713bf57c7a6c65dec206ce" }, "ag" : 1, "balance" : 36939, "client" : { "$oid" : "5a713bdd62f4e265c4e9cfdf" }, "account_number" : 117, "password" : "$2a$10$ikhq1EujrBvjZAaTZTHcVuaMCUnn/Bao6OsKPP9ZL71FJIRWmZc/K", "__v" : 0, "createdAt" : { "$date" : "2018-01-31T01:45:57.189-0200" }, "updatedAt" : { "$date" : "2018-01-31T01:45:57.189-0200" } }
{ "_id" : { "$oid" : "5a713bf57c7a6c65dec206cf" }, "ag" : 1, "balance" : 22331, "client" : { "$oid" : "5a713bdd62f4e265c4e9cfdf" }, "account_number" : 118, "password" : "$2a$10$jKw5RbRt42WKaq5HXJ2vIeFX6pKPbe1LpDICtDv/ACgERULYHsZ4G", "__v" : 0, "createdAt" : { "$date" : "2018-01-31T01:45:57.189-0200" }, "updatedAt" : { "$date" : "2018-01-31T01:45:57.189-0200" } }
{ "_id" : { "$oid" : "5a713bf57c7a6c65dec206d0" }, "ag" : 1, "balance" : 16612, "client" : { "$oid" : "5a713bdd62f4e265c4e9cfdf" }, "account_number" : 119, "password" : "$2a$10$zcE7UffD7uw1TMAUy6QWieqUgusM.oUYTi4AYaAsJ.4gGxfdHtV6q", "__v" : 0, "createdAt" : { "$date" : "2018-01-31T01:45:57.189-0200" }, "updatedAt" : { "$date" : "2018-01-31T01:45:57.189-0200" } }
{ "_id" : { "$oid" : "5a713bf57c7a6c65dec206d1" }, "ag" : 1, "balance" : 34682, "client" : { "$oid" : "5a713bdd62f4e265c4e9cfe0" }, "account_number" : 120, "password" : "$2a$10$40.pqFA545pkwOMJWSg/GeWO0Mbl5M8nGLjdoEfYLp6.xJXLPO/fC", "__v" : 0, "createdAt" : { "$date" : "2018-01-31T01:45:57.189-0200" }, "updatedAt" : { "$date" : "2018-01-31T01:45:57.189-0200" } }
{ "_id" : { "$oid" : "5a713bf57c7a6c65dec206d2" }, "ag" : 1, "balance" : 17452, "client" : { "$oid" : "5a713bdd62f4e265c4e9cfe0" }, "account_number" : 121, "password" : "$2a$10$sixggdFCd62bxuyD1EVmGe0es2nz9KBvKs9y4geRskvFe3.YIiJMi", "__v" : 0, "createdAt" : { "$date" : "2018-01-31T01:45:57.189-0200" }, "updatedAt" : { "$date" : "2018-01-31T01:45:57.189-0200" } }
{ "_id" : { "$oid" : "5a713bf57c7a6c65dec206d3" }, "ag" : 1, "balance" : 23184, "client" : { "$oid" : "5a713bdd62f4e265c4e9cfe1" }, "account_number" : 122, "password" : "$2a$10$JvxHBMIo/MQm3FaSMyInr.ieYEYa3kTSD1asWDvy8GnOBpeMr2GYO", "__v" : 0, "createdAt" : { "$date" : "2018-01-31T01:45:57.189-0200" }, "updatedAt" : { "$date" : "2018-01-31T01:45:57.189-0200" } }
{ "_id" : { "$oid" : "5a713bf57c7a6c65dec206d4" }, "ag" : 1, "balance" : 33752, "client" : { "$oid" : "5a713bdd62f4e265c4e9cfe1" }, "account_number" : 123, "password" : "$2a$10$wIvKQfu.R/WJoaTFOgT0JeFu64sHh3urXQiK2.LJs1riYrvn71qTq", "__v" : 0, "createdAt" : { "$date" : "2018-01-31T01:45:57.189-0200" }, "updatedAt" : { "$date" : "2018-01-31T01:45:57.189-0200" } }
{ "_id" : { "$oid" : "5a713bf57c7a6c65dec206d5" }, "ag" : 1, "balance" : 21468, "client" : { "$oid" : "5a713bdd62f4e265c4e9cfe2" }, "account_number" : 124, "password" : "$2a$10$7yz9fBlz1qq/I8rdJCbBTO9lMe2Zp.xWYhCUqw6wg65E/Fc8qN1dO", "__v" : 0, "createdAt" : { "$date" : "2018-01-31T01:45:57.189-0200" }, "updatedAt" : { "$date" : "2018-01-31T01:45:57.189-0200" } }
{ "_id" : { "$oid" : "5a713bf57c7a6c65dec206d6" }, "ag" : 1, "balance" : 19438, "client" : { "$oid" : "5a713bdd62f4e265c4e9cfe3" }, "account_number" : 125, "password" : "$2a$10$Rltt4mJDJvEVcOLdw7rxfuO5cYq/8J7GqXT0.xVMHu6EDqs68.oda", "__v" : 0, "createdAt" : { "$date" : "2018-01-31T01:45:57.189-0200" }, "updatedAt" : { "$date" : "2018-01-31T01:45:57.189-0200" } }
{ "_id" : { "$oid" : "5a713bf57c7a6c65dec206d7" }, "ag" : 1, "balance" : 33580, "client" : { "$oid" : "5a713bdd62f4e265c4e9cfe3" }, "account_number" : 126, "password" : "$2a$10$CVn1HM5.ZHymK69lpxksKOS/P6S4FDvPP7umy3ZgILKPKz/M/fT2K", "__v" : 0, "createdAt" : { "$date" : "2018-01-31T01:45:57.189-0200" }, "updatedAt" : { "$date" : "2018-01-31T01:45:57.189-0200" } }
{ "_id" : { "$oid" : "5a713bf57c7a6c65dec206d8" }, "ag" : 1, "balance" : 29395, "client" : { "$oid" : "5a713bdd62f4e265c4e9cfe4" }, "account_number" : 127, "password" : "$2a$10$zrGfKucrMLRd0h05AYwUHeVbKs9LVdxllqsrKhkrV1D107ELfnoee", "__v" : 0, "createdAt" : { "$date" : "2018-01-31T01:45:57.189-0200" }, "updatedAt" : { "$date" : "2018-01-31T01:45:57.189-0200" } }
{ "_id" : { "$oid" : "5a713bf57c7a6c65dec206d9" }, "ag" : 1, "balance" : 14639, "client" : { "$oid" : "5a713bdd62f4e265c4e9cfe4" }, "account_number" : 128, "password" : "$2a$10$WTIgqAAXiJoU2R52LYw1YeyY1dIztev7MMkKDv0WSspzMMxoNqnem", "__v" : 0, "createdAt" : { "$date" : "2018-01-31T01:45:57.189-0200" }, "updatedAt" : { "$date" : "2018-01-31T01:45:57.189-0200" } }
{ "_id" : { "$oid" : "5a713bf57c7a6c65dec206da" }, "ag" : 1, "balance" : 21596, "client" : { "$oid" : "5a713bdd62f4e265c4e9cfe5" }, "account_number" : 129, "password" : "$2a$10$ncTZZh3daA6Zg3LtPtySZei5poGU121u0KGJwlbxi0JYvDwCKEOGC", "__v" : 0, "createdAt" : { "$date" : "2018-01-31T01:45:57.189-0200" }, "updatedAt" : { "$date" : "2018-01-31T01:45:57.189-0200" } }
{ "_id" : { "$oid" : "5a713bf57c7a6c65dec206db" }, "ag" : 1, "balance" : 24973, "client" : { "$oid" : "5a713bdd62f4e265c4e9cfe5" }, "account_number" : 130, "password" : "$2a$10$utcHFa7oc5xi24KqhixP8.d4MqOuLroZ.VEca5uJHi2EyYDk0u18u", "__v" : 0, "createdAt" : { "$date" : "2018-01-31T01:45:57.189-0200" }, "updatedAt" : { "$date" : "2018-01-31T01:45:57.189-0200" } }
{ "_id" : { "$oid" : "5a713bf57c7a6c65dec206dc" }, "ag" : 1, "balance" : 24911, "client" : { "$oid" : "5a713bdd62f4e265c4e9cfe6" }, "account_number" : 131, "password" : "$2a$10$vsRwX9Pm57Kyf9qDir0nf.TbGOdrrQRCIIXnoO30YmbdvX9NYybgu", "__v" : 0, "createdAt" : { "$date" : "2018-01-31T01:45:57.189-0200" }, "updatedAt" : { "$date" : "2018-01-31T01:45:57.189-0200" } }
{ "_id" : { "$oid" : "5a713bf57c7a6c65dec206dd" }, "ag" : 1, "balance" : 25068, "client" : { "$oid" : "5a713bdd62f4e265c4e9cfe6" }, "account_number" : 132, "password" : "$2a$10$PDxcG55hDTwPUfXRC13kBufnYarOudwk.plEoYBmBsBE6MvLf9766", "__v" : 0, "createdAt" : { "$date" : "2018-01-31T01:45:57.189-0200" }, "updatedAt" : { "$date" : "2018-01-31T01:45:57.189-0200" } }
{ "_id" : { "$oid" : "5a713bf57c7a6c65dec206de" }, "ag" : 1, "balance" : 24685, "client" : { "$oid" : "5a713bdd62f4e265c4e9cfe7" }, "account_number" : 133, "password" : "$2a$10$z/gMhYLi2N1y3YY3i7MMj.Gy.WL0l9/QsoNKtZhZuxb28d1DmqxnG", "__v" : 0, "createdAt" : { "$date" : "2018-01-31T01:45:57.189-0200" }, "updatedAt" : { "$date" : "2018-01-31T01:45:57.189-0200" } }
{ "_id" : { "$oid" : "5a713bf57c7a6c65dec206df" }, "ag" : 1, "balance" : 25362, "client" : { "$oid" : "5a713bdd62f4e265c4e9cfe7" }, "account_number" : 134, "password" : "$2a$10$wApo2bFXkj0w.A/jtydY/OKZb0u7/LtV1ljf480IYUD5lYF0E0fMC", "__v" : 0, "createdAt" : { "$date" : "2018-01-31T01:45:57.189-0200" }, "updatedAt" : { "$date" : "2018-01-31T01:45:57.189-0200" } }
{ "_id" : { "$oid" : "5a713bf57c7a6c65dec206e0" }, "ag" : 1, "balance" : 24976, "client" : { "$oid" : "5a713bdd62f4e265c4e9cfe7" }, "account_number" : 135, "password" : "$2a$10$pv7tja1Gbry/IsBDeSFGguXip1k3pqcHDD0i6b01AB3Bc.pAP9XxG", "__v" : 0, "createdAt" : { "$date" : "2018-01-31T01:45:57.189-0200" }, "updatedAt" : { "$date" : "2018-01-31T01:45:57.189-0200" } }
{ "_id" : { "$oid" : "5a713bf57c7a6c65dec206e1" }, "ag" : 1, "balance" : 25028, "client" : { "$oid" : "5a713bdd62f4e265c4e9cfe8" }, "account_number" : 136, "password" : "$2a$10$XBsQ38yA2q4B.DiaKm9UZ.qKjNO/riN.69K1mccYOzE9LeHRxTq6e", "__v" : 0, "createdAt" : { "$date" : "2018-01-31T01:45:57.190-0200" }, "updatedAt" : { "$date" : "2018-01-31T01:45:57.190-0200" } }
{ "_id" : { "$oid" : "5a713bf57c7a6c65dec206e2" }, "ag" : 1, "balance" : 24989, "client" : { "$oid" : "5a713bdd62f4e265c4e9cfe8" }, "account_number" : 137, "password" : "$2a$10$ZzQeW9JXZLrfW3jGiK3nj.Vp.fmjMg1OtVbdqz.WptyGqKp6ehuri", "__v" : 0, "createdAt" : { "$date" : "2018-01-31T01:45:57.190-0200" }, "updatedAt" : { "$date" : "2018-01-31T01:45:57.190-0200" } }
{ "_id" : { "$oid" : "5a713bf57c7a6c65dec206e3" }, "ag" : 1, "balance" : 24987, "client" : { "$oid" : "5a713bdd62f4e265c4e9cfe9" }, "account_number" : 138, "password" : "$2a$10$bMOUriApdGTj7JvxvLHNqu./AScWvRPgbNUCNe94QZXdkrWfoMHpi", "__v" : 0, "createdAt" : { "$date" : "2018-01-31T01:45:57.190-0200" }, "updatedAt" : { "$date" : "2018-01-31T01:45:57.190-0200" } }
{ "_id" : { "$oid" : "5a713bf57c7a6c65dec206e4" }, "ag" : 1, "balance" : 24987, "client" : { "$oid" : "5a713bdd62f4e265c4e9cfe9" }, "account_number" : 139, "password" : "$2a$10$Gd1UzpRPzoNydBwM2tF8VOol6NMwlI4i4w3YlbWRmVyld2SStFsxG", "__v" : 0, "createdAt" : { "$date" : "2018-01-31T01:45:57.190-0200" }, "updatedAt" : { "$date" : "2018-01-31T01:45:57.190-0200" } }
{ "_id" : { "$oid" : "5a713bf57c7a6c65dec206e5" }, "ag" : 1, "balance" : 24893, "client" : { "$oid" : "5a713bdd62f4e265c4e9cfea" }, "account_number" : 140, "password" : "$2a$10$M7tMySqEsK7Qa5Tp7UidauYQmzj348jChNpREtS5Fv5CttcOq2Flu", "__v" : 0, "createdAt" : { "$date" : "2018-01-31T01:45:57.190-0200" }, "updatedAt" : { "$date" : "2018-01-31T01:45:57.190-0200" } }
{ "_id" : { "$oid" : "5a713bf57c7a6c65dec206e6" }, "ag" : 1, "balance" : 24997, "client" : { "$oid" : "5a713bdd62f4e265c4e9cfea" }, "account_number" : 141, "password" : "$2a$10$1at9lmQF.ccxtXtU1yNQZO2BoSPZ9pJRynY1j75EE7sxTvbYboXtG", "__v" : 0, "createdAt" : { "$date" : "2018-01-31T01:45:57.190-0200" }, "updatedAt" : { "$date" : "2018-01-31T01:45:57.190-0200" } }
{ "_id" : { "$oid" : "5a713bf57c7a6c65dec206e7" }, "ag" : 1, "balance" : 25117, "client" : { "$oid" : "5a713bdd62f4e265c4e9cfeb" }, "account_number" : 142, "password" : "$2a$10$IauRX6OzhPC1weetpVh.suwe9lXgn8C1Mzbm21/iMiRsMEnvHUFWS", "__v" : 0, "createdAt" : { "$date" : "2018-01-31T01:45:57.190-0200" }, "updatedAt" : { "$date" : "2018-01-31T01:45:57.190-0200" } }
{ "_id" : { "$oid" : "5a713bf57c7a6c65dec206e8" }, "ag" : 1, "balance" : 24944, "client" : { "$oid" : "5a713bdd62f4e265c4e9cfeb" }, "account_number" : 143, "password" : "$2a$10$ssJzCkx2db5B0BYxmmD09uY3mvmqlFj8nFOdCQFkIagPwae56hL6W", "__v" : 0, "createdAt" : { "$date" : "2018-01-31T01:45:57.190-0200" }, "updatedAt" : { "$date" : "2018-01-31T01:45:57.190-0200" } }
{ "_id" : { "$oid" : "5a713bf57c7a6c65dec206e9" }, "ag" : 1, "balance" : 25089, "client" : { "$oid" : "5a713bdd62f4e265c4e9cfeb" }, "account_number" : 144, "password" : "$2a$10$8tEZESHFnG6F8uFbqAI.7Odvb3qLGJvUlNwoFC2EroixUNG/gzvtC", "__v" : 0, "createdAt" : { "$date" : "2018-01-31T01:45:57.190-0200" }, "updatedAt" : { "$date" : "2018-01-31T01:45:57.190-0200" } }
{ "_id" : { "$oid" : "5a713bf57c7a6c65dec206ea" }, "ag" : 1, "balance" : 24999, "client" : { "$oid" : "5a713bdd62f4e265c4e9cfec" }, "account_number" : 145, "password" : "$2a$10$MFuuDqUCdfKRCvlbw1GENetLQ9sxg0Rxv3YFzSOjViQMlDO6syMJi", "__v" : 0, "createdAt" : { "$date" : "2018-01-31T01:45:57.190-0200" }, "updatedAt" : { "$date" : "2018-01-31T01:45:57.190-0200" } }
{ "_id" : { "$oid" : "5a713bf57c7a6c65dec206eb" }, "ag" : 1, "balance" : 11695, "client" : { "$oid" : "5a713bdd62f4e265c4e9cfed" }, "account_number" : 146, "password" : "$2a$10$3oyNZR3Rv6PeOGP4FQ.DGe.yI8e70eDZxxuK08gUL5UcoD/CJjJge", "__v" : 0, "createdAt" : { "$date" : "2018-01-31T01:45:57.190-0200" }, "updatedAt" : { "$date" : "2018-01-31T01:45:57.190-0200" } }
{ "_id" : { "$oid" : "5a713bf57c7a6c65dec206ec" }, "ag" : 1, "balance" : 38311, "client" : { "$oid" : "5a713bdd62f4e265c4e9cfee" }, "account_number" : 147, "password" : "$2a$10$mpsWXpQdmEB.kaaMrbfH7OQOBYHETvnfhxV8L/TpnmJGQsb9fc9hO", "__v" : 0, "createdAt" : { "$date" : "2018-01-31T01:45:57.190-0200" }, "updatedAt" : { "$date" : "2018-01-31T01:45:57.190-0200" } }
{ "_id" : { "$oid" : "5a713bf57c7a6c65dec206ed" }, "ag" : 1, "balance" : 24993, "client" : { "$oid" : "5a713bdd62f4e265c4e9cfef" }, "account_number" : 148, "password" : "$2a$10$s/OOdpoUskSzeoaQJs8pPue2UeCtctI8PourbRBKqhiItNYL.YUai", "__v" : 0, "createdAt" : { "$date" : "2018-01-31T01:45:57.190-0200" }, "updatedAt" : { "$date" : "2018-01-31T01:45:57.190-0200" } }
{ "_id" : { "$oid" : "5a713bf57c7a6c65dec206ee" }, "ag" : 1, "balance" : 32999, "client" : { "$oid" : "5a713bdd62f4e265c4e9cfef" }, "account_number" : 149, "password" : "$2a$10$7dOw2Q5l1bT7RzuK03BlB.RvJiKDOc9HlVwPNuIE5Kz3BbOlwql7y", "__v" : 0, "createdAt" : { "$date" : "2018-01-31T01:45:57.190-0200" }, "updatedAt" : { "$date" : "2018-01-31T01:45:57.190-0200" } }
{ "_id" : { "$oid" : "5a713bf57c7a6c65dec206ef" }, "ag" : 1, "balance" : 17578, "client" : { "$oid" : "5a713bdd62f4e265c4e9cff0" }, "account_number" : 150, "password" : "$2a$10$Vz5A43xj0McA58BBkR0itOcZquiNKitsA2aMnHqwa6yJPXh2DiEV6", "__v" : 0, "createdAt" : { "$date" : "2018-01-31T01:45:57.190-0200" }, "updatedAt" : { "$date" : "2018-01-31T01:45:57.190-0200" } }
{ "_id" : { "$oid" : "5a713bf57c7a6c65dec206f0" }, "ag" : 1, "balance" : 25954, "client" : { "$oid" : "5a713bdd62f4e265c4e9cff0" }, "account_number" : 151, "password" : "$2a$10$7oqrtQTYEWJZh6OmgDM/8uUWAnggakX3EQqIWQxmppMRX9R12EeKK", "__v" : 0, "createdAt" : { "$date" : "2018-01-31T01:45:57.190-0200" }, "updatedAt" : { "$date" : "2018-01-31T01:45:57.190-0200" } }
{ "_id" : { "$oid" : "5a713bf57c7a6c65dec206f1" }, "ag" : 1, "balance" : 38563, "client" : { "$oid" : "5a713bdd62f4e265c4e9cff0" }, "account_number" : 152, "password" : "$2a$10$s8mxwbL9dDczdk.mIQJYk.RpsJs9YYmHdPmvj.l.73C66Gr0TRka.", "__v" : 0, "createdAt" : { "$date" : "2018-01-31T01:45:57.190-0200" }, "updatedAt" : { "$date" : "2018-01-31T01:45:57.190-0200" } }
{ "_id" : { "$oid" : "5a713bf57c7a6c65dec206f2" }, "ag" : 1, "balance" : 12522, "client" : { "$oid" : "5a713bdd62f4e265c4e9cff1" }, "account_number" : 153, "password" : "$2a$10$Nq6.wWQGsJ/UmjC27JrsFeG3Mvd9aBIT6tQXojq/gSoqXuEJvwcg6", "__v" : 0, "createdAt" : { "$date" : "2018-01-31T01:45:57.190-0200" }, "updatedAt" : { "$date" : "2018-01-31T01:45:57.190-0200" } }
{ "_id" : { "$oid" : "5a713bf57c7a6c65dec206f3" }, "ag" : 1, "balance" : 32615, "client" : { "$oid" : "5a713bdd62f4e265c4e9cff1" }, "account_number" : 154, "password" : "$2a$10$ShRkGdil8gWj8w7Uecvzvujt3frF40T8tePjFTRBgrpmP1FfGcivi", "__v" : 0, "createdAt" : { "$date" : "2018-01-31T01:45:57.190-0200" }, "updatedAt" : { "$date" : "2018-01-31T01:45:57.190-0200" } }
{ "_id" : { "$oid" : "5a713bf57c7a6c65dec206f4" }, "ag" : 1, "balance" : 16009, "client" : { "$oid" : "5a713bdd62f4e265c4e9cff1" }, "account_number" : 155, "password" : "$2a$10$uQBNvXFqHpERwZNj85kkLum5pF5IAdcsu2CPpKRXB4YXeA1Ro.wmW", "__v" : 0, "createdAt" : { "$date" : "2018-01-31T01:45:57.190-0200" }, "updatedAt" : { "$date" : "2018-01-31T01:45:57.190-0200" } }
{ "_id" : { "$oid" : "5a713bf57c7a6c65dec206f5" }, "ag" : 1, "balance" : 34527, "client" : { "$oid" : "5a713bdd62f4e265c4e9cff2" }, "account_number" : 156, "password" : "$2a$10$szQUNrvyFTkWw9nIEwLhNONgOAKj1hJKp3KPE4TY/q6d7nZE8zeOK", "__v" : 0, "createdAt" : { "$date" : "2018-01-31T01:45:57.190-0200" }, "updatedAt" : { "$date" : "2018-01-31T01:45:57.190-0200" } }
{ "_id" : { "$oid" : "5a713bf57c7a6c65dec206f6" }, "ag" : 1, "balance" : 25762, "client" : { "$oid" : "5a713bdd62f4e265c4e9cff2" }, "account_number" : 157, "password" : "$2a$10$br9lmcWPupSihYINfI5OYeIEw54X73n91V7CQn18ZtjYE1uBU2L8O", "__v" : 0, "createdAt" : { "$date" : "2018-01-31T01:45:57.190-0200" }, "updatedAt" : { "$date" : "2018-01-31T01:45:57.190-0200" } }
{ "_id" : { "$oid" : "5a713bf57c7a6c65dec206f7" }, "ag" : 1, "balance" : 25802, "client" : { "$oid" : "5a713bdd62f4e265c4e9cff3" }, "account_number" : 158, "password" : "$2a$10$owtAapE/h/cqtLYKm9OGtuSARCzoe23oi2Yk4foKJJ2oVEehTaSUC", "__v" : 0, "createdAt" : { "$date" : "2018-01-31T01:45:57.190-0200" }, "updatedAt" : { "$date" : "2018-01-31T01:45:57.190-0200" } }
{ "_id" : { "$oid" : "5a713bf57c7a6c65dec206f8" }, "ag" : 1, "balance" : 21820, "client" : { "$oid" : "5a713bdd62f4e265c4e9cff4" }, "account_number" : 159, "password" : "$2a$10$4FtOm0UELPAThdJ.3eeFPu183C20H9nj8TJCkHOEr7Zn.c/DFxlYu", "__v" : 0, "createdAt" : { "$date" : "2018-01-31T01:45:57.190-0200" }, "updatedAt" : { "$date" : "2018-01-31T01:45:57.190-0200" } }
{ "_id" : { "$oid" : "5a713bf57c7a6c65dec206f9" }, "ag" : 1, "balance" : 20438, "client" : { "$oid" : "5a713bdd62f4e265c4e9cff4" }, "account_number" : 160, "password" : "$2a$10$Ks/IpNrU5t0D4m1jDfDysep8/F/3ixEazduDLsm.LUdLBJEXYggF6", "__v" : 0, "createdAt" : { "$date" : "2018-01-31T01:45:57.191-0200" }, "updatedAt" : { "$date" : "2018-01-31T01:45:57.191-0200" } }
{ "_id" : { "$oid" : "5a713bf57c7a6c65dec206fa" }, "ag" : 1, "balance" : 20611, "client" : { "$oid" : "5a713bdd62f4e265c4e9cff5" }, "account_number" : 161, "password" : "$2a$10$.p8QcAwhWnv/3axjhXkVDOP/Ob3R/P/5Kb7.mGndptPZJvDO6393W", "__v" : 0, "createdAt" : { "$date" : "2018-01-31T01:45:57.191-0200" }, "updatedAt" : { "$date" : "2018-01-31T01:45:57.191-0200" } }
{ "_id" : { "$oid" : "5a713bf57c7a6c65dec206fb" }, "ag" : 1, "balance" : 35660, "client" : { "$oid" : "5a713bdd62f4e265c4e9cff5" }, "account_number" : 162, "password" : "$2a$10$T.IyLZtHZm6nk.NKZzYwwOhIr3miWlrMam1egpYP7f65yB8mYtD1K", "__v" : 0, "createdAt" : { "$date" : "2018-01-31T01:45:57.191-0200" }, "updatedAt" : { "$date" : "2018-01-31T01:45:57.191-0200" } }
{ "_id" : { "$oid" : "5a713bf57c7a6c65dec206fc" }, "ag" : 1, "balance" : 19283, "client" : { "$oid" : "5a713bdd62f4e265c4e9cff6" }, "account_number" : 163, "password" : "$2a$10$3hKUjEHEcYxHuGfXoq2iYeEl4lQikB3xtSxix9hWCMiGFWm9EJoia", "__v" : 0, "createdAt" : { "$date" : "2018-01-31T01:45:57.191-0200" }, "updatedAt" : { "$date" : "2018-01-31T01:45:57.191-0200" } }
{ "_id" : { "$oid" : "5a713bf57c7a6c65dec206fd" }, "ag" : 1, "balance" : 20018, "client" : { "$oid" : "5a713bdd62f4e265c4e9cff6" }, "account_number" : 164, "password" : "$2a$10$CFmj65rBIiP690ANHVvhcOYfXlfWnfE5f0tgEF8qGMYRZ120IlpOe", "__v" : 0, "createdAt" : { "$date" : "2018-01-31T01:45:57.191-0200" }, "updatedAt" : { "$date" : "2018-01-31T01:45:57.191-0200" } }
{ "_id" : { "$oid" : "5a713bf57c7a6c65dec206fe" }, "ag" : 1, "balance" : 34845, "client" : { "$oid" : "5a713bdd62f4e265c4e9cff6" }, "account_number" : 165, "password" : "$2a$10$gAYdjVvU/KS/zijJBMhl/ei9oQ/FzjGO3x9.dz5M8SdDHoHyhnrOu", "__v" : 0, "createdAt" : { "$date" : "2018-01-31T01:45:57.191-0200" }, "updatedAt" : { "$date" : "2018-01-31T01:45:57.191-0200" } }
{ "_id" : { "$oid" : "5a713bf57c7a6c65dec206ff" }, "ag" : 1, "balance" : 16305, "client" : { "$oid" : "5a713bdd62f4e265c4e9cff7" }, "account_number" : 166, "password" : "$2a$10$bjIkOATiQr.7uTiZMCEBVe2vML907.i19rURadqzD71VBMVlLlp0O", "__v" : 0, "createdAt" : { "$date" : "2018-01-31T01:45:57.191-0200" }, "updatedAt" : { "$date" : "2018-01-31T01:45:57.191-0200" } }
{ "_id" : { "$oid" : "5a713bf57c7a6c65dec20700" }, "ag" : 1, "balance" : 23874, "client" : { "$oid" : "5a713bdd62f4e265c4e9cff7" }, "account_number" : 167, "password" : "$2a$10$D.ahaCaHGamZEfgO4UXQzOcYcbDIX4BadAEXmVAkdZFCHw24H/I4W", "__v" : 0, "createdAt" : { "$date" : "2018-01-31T01:45:57.191-0200" }, "updatedAt" : { "$date" : "2018-01-31T01:45:57.191-0200" } }
{ "_id" : { "$oid" : "5a713bf57c7a6c65dec20701" }, "ag" : 1, "balance" : 28351, "client" : { "$oid" : "5a713bdd62f4e265c4e9cff7" }, "account_number" : 168, "password" : "$2a$10$XhjTiL9uxrA38dUgytn0LuNmlvhyo0dcr5C.gnsXTFLFTs9OagMeW", "__v" : 0, "createdAt" : { "$date" : "2018-01-31T01:45:57.191-0200" }, "updatedAt" : { "$date" : "2018-01-31T01:45:57.191-0200" } }
{ "_id" : { "$oid" : "5a713bf57c7a6c65dec20702" }, "ag" : 1, "balance" : 22682, "client" : { "$oid" : "5a713bdd62f4e265c4e9cff8" }, "account_number" : 169, "password" : "$2a$10$zzU4nRI29IJQwhtIrTZyJ.rWGRLFncCdM9gWmhiEaVq4.qXT3vr76", "__v" : 0, "createdAt" : { "$date" : "2018-01-31T01:45:57.191-0200" }, "updatedAt" : { "$date" : "2018-01-31T01:45:57.191-0200" } }
{ "_id" : { "$oid" : "5a713bf57c7a6c65dec20703" }, "ag" : 1, "balance" : 31405, "client" : { "$oid" : "5a713bdd62f4e265c4e9cff8" }, "account_number" : 170, "password" : "$2a$10$vOietErVE37nQmFahwpaEOvCL9b5n32DhWEFeUhqX7tJe2iXRP4r6", "__v" : 0, "createdAt" : { "$date" : "2018-01-31T01:45:57.191-0200" }, "updatedAt" : { "$date" : "2018-01-31T01:45:57.191-0200" } }
{ "_id" : { "$oid" : "5a713bf57c7a6c65dec20704" }, "ag" : 1, "balance" : 27987, "client" : { "$oid" : "5a713bdd62f4e265c4e9cff9" }, "account_number" : 171, "password" : "$2a$10$/deDLlJzeuivPDcTCXbVP.Phfu3HWQY1xoitEnPltoGsC4Xkt5pMy", "__v" : 0, "createdAt" : { "$date" : "2018-01-31T01:45:57.191-0200" }, "updatedAt" : { "$date" : "2018-01-31T01:45:57.191-0200" } }
{ "_id" : { "$oid" : "5a713bf57c7a6c65dec20705" }, "ag" : 1, "balance" : 14560, "client" : { "$oid" : "5a713bdd62f4e265c4e9cff9" }, "account_number" : 172, "password" : "$2a$10$.e9BWJsrtcZkBT1RFzLIQ.1rvyumjCG9zKZT9zlMVinE/q0hpnCSS", "__v" : 0, "createdAt" : { "$date" : "2018-01-31T01:45:57.191-0200" }, "updatedAt" : { "$date" : "2018-01-31T01:45:57.191-0200" } }
{ "_id" : { "$oid" : "5a713bf57c7a6c65dec20706" }, "ag" : 1, "balance" : 24927, "client" : { "$oid" : "5a713bdd62f4e265c4e9cff9" }, "account_number" : 173, "password" : "$2a$10$ZBkaU47fLTkfBe/lpJYKveWDMVHucyygieaG9CaxuHswyrdxWbkGa", "__v" : 0, "createdAt" : { "$date" : "2018-01-31T01:45:57.191-0200" }, "updatedAt" : { "$date" : "2018-01-31T01:45:57.191-0200" } }
{ "_id" : { "$oid" : "5a713bf57c7a6c65dec20707" }, "ag" : 1, "balance" : 25108, "client" : { "$oid" : "5a713bdd62f4e265c4e9cffa" }, "account_number" : 174, "password" : "$2a$10$wt8uJDSS4vzQxQS6SuptGuj0bCO8tzvfliGg1nBd/rJyt/cQfWWNq", "__v" : 0, "createdAt" : { "$date" : "2018-01-31T01:45:57.191-0200" }, "updatedAt" : { "$date" : "2018-01-31T01:45:57.191-0200" } }
{ "_id" : { "$oid" : "5a713bf57c7a6c65dec20708" }, "ag" : 1, "balance" : 25009, "client" : { "$oid" : "5a713bdd62f4e265c4e9cffb" }, "account_number" : 175, "password" : "$2a$10$L0ZsafIrpT8IDjAsuZsA6.a28BMxzj9K1e81bR3qxPanL.345Svh6", "__v" : 0, "createdAt" : { "$date" : "2018-01-31T01:45:57.191-0200" }, "updatedAt" : { "$date" : "2018-01-31T01:45:57.191-0200" } }
{ "_id" : { "$oid" : "5a713bf57c7a6c65dec20709" }, "ag" : 1, "balance" : 24993, "client" : { "$oid" : "5a713bdd62f4e265c4e9cffc" }, "account_number" : 176, "password" : "$2a$10$2H81tW8f8LwMe/8wUE.ogOOwW8an.SsGr/6BxqkJ40S6OHqW6apii", "__v" : 0, "createdAt" : { "$date" : "2018-01-31T01:45:57.191-0200" }, "updatedAt" : { "$date" : "2018-01-31T01:45:57.191-0200" } }
{ "_id" : { "$oid" : "5a713bf57c7a6c65dec2070a" }, "ag" : 1, "balance" : 25001, "client" : { "$oid" : "5a713bdd62f4e265c4e9cffc" }, "account_number" : 177, "password" : "$2a$10$iW2MqeIM7l/wgsY1GAChmO8LFTd2E0FT0eGTtzqyME8lUwKZAg6rS", "__v" : 0, "createdAt" : { "$date" : "2018-01-31T01:45:57.191-0200" }, "updatedAt" : { "$date" : "2018-01-31T01:45:57.191-0200" } }
{ "_id" : { "$oid" : "5a713bf57c7a6c65dec2070b" }, "ag" : 1, "balance" : 24901, "client" : { "$oid" : "5a713bdd62f4e265c4e9cffd" }, "account_number" : 178, "password" : "$2a$10$xHvo4HLhrG32wFftH8urhupmKwDFXx2KJp4gJvZ6VyGNdJp6oIVwO", "__v" : 0, "createdAt" : { "$date" : "2018-01-31T01:45:57.191-0200" }, "updatedAt" : { "$date" : "2018-01-31T01:45:57.191-0200" } }
{ "_id" : { "$oid" : "5a713bf57c7a6c65dec2070c" }, "ag" : 1, "balance" : 25067, "client" : { "$oid" : "5a713bdd62f4e265c4e9cffd" }, "account_number" : 179, "password" : "$2a$10$tATc1EDK0g4eYnswS7UdR.G9QsFJBt8A8aLUyM7MaNU84WBXCQmUS", "__v" : 0, "createdAt" : { "$date" : "2018-01-31T01:45:57.191-0200" }, "updatedAt" : { "$date" : "2018-01-31T01:45:57.191-0200" } }
{ "_id" : { "$oid" : "5a713bf57c7a6c65dec2070d" }, "ag" : 1, "balance" : 24438, "client" : { "$oid" : "5a713bdd62f4e265c4e9cffe" }, "account_number" : 180, "password" : "$2a$10$1x28YLgiM.dlgtZmbldQO.cYTUa.Eev9BYqhyXgghJ2dGbith0SF.", "__v" : 0, "createdAt" : { "$date" : "2018-01-31T01:45:57.191-0200" }, "updatedAt" : { "$date" : "2018-01-31T01:45:57.191-0200" } }
{ "_id" : { "$oid" : "5a713bf57c7a6c65dec2070e" }, "ag" : 1, "balance" : 25421, "client" : { "$oid" : "5a713bdd62f4e265c4e9cfff" }, "account_number" : 181, "password" : "$2a$10$gSaQkVFgGdYkBwgvyc/Leu98cQIKUrD4nt7/1QXtzOfFMIr6UaI.i", "__v" : 0, "createdAt" : { "$date" : "2018-01-31T01:45:57.191-0200" }, "updatedAt" : { "$date" : "2018-01-31T01:45:57.191-0200" } }
{ "_id" : { "$oid" : "5a713bf57c7a6c65dec2070f" }, "ag" : 1, "balance" : 25061, "client" : { "$oid" : "5a713bdd62f4e265c4e9cfff" }, "account_number" : 182, "password" : "$2a$10$4eVwayAkLZVjRdHNG57MtO5yX6THl0tB.hrVkn16jR7ywPcYiJ.X.", "__v" : 0, "createdAt" : { "$date" : "2018-01-31T01:45:57.191-0200" }, "updatedAt" : { "$date" : "2018-01-31T01:45:57.191-0200" } }
{ "_id" : { "$oid" : "5a713bf57c7a6c65dec20710" }, "ag" : 1, "balance" : 25037, "client" : { "$oid" : "5a713bdd62f4e265c4e9cfff" }, "account_number" : 183, "password" : "$2a$10$Rn2Cb6cwM.QouFKtT0dnpuUwc0bVB/kaQpQ60dqMlxke0s6X3ATAi", "__v" : 0, "createdAt" : { "$date" : "2018-01-31T01:45:57.192-0200" }, "updatedAt" : { "$date" : "2018-01-31T01:45:57.192-0200" } }
{ "_id" : { "$oid" : "5a713bf57c7a6c65dec20711" }, "ag" : 1, "balance" : 24909, "client" : { "$oid" : "5a713bdd62f4e265c4e9d000" }, "account_number" : 184, "password" : "$2a$10$uuNhAFdw6gCv6pcAO8HLxOoiYW91EiEuSw6ldLKDQtaU/yGfiX3oi", "__v" : 0, "createdAt" : { "$date" : "2018-01-31T01:45:57.192-0200" }, "updatedAt" : { "$date" : "2018-01-31T01:45:57.192-0200" } }
{ "_id" : { "$oid" : "5a713bf57c7a6c65dec20712" }, "ag" : 1, "balance" : 25077, "client" : { "$oid" : "5a713bdd62f4e265c4e9d001" }, "account_number" : 185, "password" : "$2a$10$suXsqky3Hh9joiEEANVgOOusl0benHLzRCsashlULYnj15cGsjYNm", "__v" : 0, "createdAt" : { "$date" : "2018-01-31T01:45:57.192-0200" }, "updatedAt" : { "$date" : "2018-01-31T01:45:57.192-0200" } }
{ "_id" : { "$oid" : "5a713bf57c7a6c65dec20713" }, "ag" : 1, "balance" : 25086, "client" : { "$oid" : "5a713bdd62f4e265c4e9d001" }, "account_number" : 186, "password" : "$2a$10$gn07gcxuU.bLP/rg7ZfbDOGjVIOYrlQviSuiZbnoPaKd8kMQDe70e", "__v" : 0, "createdAt" : { "$date" : "2018-01-31T01:45:57.192-0200" }, "updatedAt" : { "$date" : "2018-01-31T01:45:57.192-0200" } }
{ "_id" : { "$oid" : "5a713bf57c7a6c65dec20714" }, "ag" : 1, "balance" : 24808, "client" : { "$oid" : "5a713bdd62f4e265c4e9d001" }, "account_number" : 187, "password" : "$2a$10$PkIsSWZ6B.My.VLsle5m2OSM.xn6ofIZfo3Z0/US3EG4RKWsGoAm2", "__v" : 0, "createdAt" : { "$date" : "2018-01-31T01:45:57.192-0200" }, "updatedAt" : { "$date" : "2018-01-31T01:45:57.192-0200" } }
{ "_id" : { "$oid" : "5a713bf57c7a6c65dec20715" }, "ag" : 1, "balance" : 25256, "client" : { "$oid" : "5a713bdd62f4e265c4e9d002" }, "account_number" : 188, "password" : "$2a$10$bximGZeFkmJdDV2y0Rtwy.Nd/CSmS9gmJecjrotXths1AoOgoD6xu", "__v" : 0, "createdAt" : { "$date" : "2018-01-31T01:45:57.192-0200" }, "updatedAt" : { "$date" : "2018-01-31T01:45:57.192-0200" } }
{ "_id" : { "$oid" : "5a713bf57c7a6c65dec20716" }, "ag" : 1, "balance" : 24796, "client" : { "$oid" : "5a713bdd62f4e265c4e9d002" }, "account_number" : 189, "password" : "$2a$10$/1nrLvKCvOC5pxD7xE8oOeNng6bM8axgcXxgxbgm1bfSZ7eUQPbiK", "__v" : 0, "createdAt" : { "$date" : "2018-01-31T01:45:57.192-0200" }, "updatedAt" : { "$date" : "2018-01-31T01:45:57.192-0200" } }
{ "_id" : { "$oid" : "5a713bf57c7a6c65dec20717" }, "ag" : 1, "balance" : 24652, "client" : { "$oid" : "5a713bdd62f4e265c4e9d003" }, "account_number" : 190, "password" : "$2a$10$Z0MOILppFJhUH5uMtrohnuAxK02MxEgHhpL4RtHur.4.SzjF.Ss6K", "__v" : 0, "createdAt" : { "$date" : "2018-01-31T01:45:57.192-0200" }, "updatedAt" : { "$date" : "2018-01-31T01:45:57.192-0200" } }
{ "_id" : { "$oid" : "5a713bf57c7a6c65dec20718" }, "ag" : 1, "balance" : 25549, "client" : { "$oid" : "5a713bdd62f4e265c4e9d004" }, "account_number" : 191, "password" : "$2a$10$l3KiVDV3YArwiym/NRyzcuAeozlaPEuikyOyYMwjGIRq35MNVUoUS", "__v" : 0, "createdAt" : { "$date" : "2018-01-31T01:45:57.192-0200" }, "updatedAt" : { "$date" : "2018-01-31T01:45:57.192-0200" } }
{ "_id" : { "$oid" : "5a713bf57c7a6c65dec20719" }, "ag" : 1, "balance" : 24913, "client" : { "$oid" : "5a713bdd62f4e265c4e9d005" }, "account_number" : 192, "password" : "$2a$10$PuNEKdL34bNPkcA3TVy5qe22waPKeSuWxaPmDo9T0IvwFCltyV7l2", "__v" : 0, "createdAt" : { "$date" : "2018-01-31T01:45:57.192-0200" }, "updatedAt" : { "$date" : "2018-01-31T01:45:57.192-0200" } }
{ "_id" : { "$oid" : "5a713bf57c7a6c65dec2071a" }, "ag" : 1, "balance" : 24755, "client" : { "$oid" : "5a713bdd62f4e265c4e9d006" }, "account_number" : 193, "password" : "$2a$10$NpymwWfdrSgRtJjXCRE3veAxHh1QTaMySqQlxm/pprq65G6HHwP9K", "__v" : 0, "createdAt" : { "$date" : "2018-01-31T01:45:57.192-0200" }, "updatedAt" : { "$date" : "2018-01-31T01:45:57.192-0200" } }
{ "_id" : { "$oid" : "5a713bf57c7a6c65dec2071b" }, "ag" : 1, "balance" : 25310, "client" : { "$oid" : "5a713bdd62f4e265c4e9d006" }, "account_number" : 194, "password" : "$2a$10$gm25tYKWx4YuUW5G09oWi.nrURS5/Nt18Nz4S09lwmlJavsqu4oEW", "__v" : 0, "createdAt" : { "$date" : "2018-01-31T01:45:57.192-0200" }, "updatedAt" : { "$date" : "2018-01-31T01:45:57.192-0200" } }
{ "_id" : { "$oid" : "5a713bf57c7a6c65dec2071c" }, "ag" : 1, "balance" : 24969, "client" : { "$oid" : "5a713bdd62f4e265c4e9d007" }, "account_number" : 195, "password" : "$2a$10$u/cRrbLF0k0NQ/FUST0rQupOKPqKBTj5C4jnFoYR3KGj.VWSlRTP6", "__v" : 0, "createdAt" : { "$date" : "2018-01-31T01:45:57.192-0200" }, "updatedAt" : { "$date" : "2018-01-31T01:45:57.192-0200" } }
{ "_id" : { "$oid" : "5a713bf57c7a6c65dec2071d" }, "ag" : 1, "balance" : 24994, "client" : { "$oid" : "5a713bdd62f4e265c4e9d008" }, "account_number" : 196, "password" : "$2a$10$7ZkJeo5/YAg7aMyczjk5tOQSnDv0zrkxGQOq8vVQW6r35QmdGg7QW", "__v" : 0, "createdAt" : { "$date" : "2018-01-31T01:45:57.192-0200" }, "updatedAt" : { "$date" : "2018-01-31T01:45:57.192-0200" } }
{ "_id" : { "$oid" : "5a713bf57c7a6c65dec2071e" }, "ag" : 1, "balance" : 25101, "client" : { "$oid" : "5a713bdd62f4e265c4e9d009" }, "account_number" : 197, "password" : "$2a$10$qr8T2juhwtUSKoBxtW7FHOlfbk9kFzs9W6IQ3q.RfcWuVmiQ3cjKS", "__v" : 0, "createdAt" : { "$date" : "2018-01-31T01:45:57.192-0200" }, "updatedAt" : { "$date" : "2018-01-31T01:45:57.192-0200" } }
{ "_id" : { "$oid" : "5a713bf57c7a6c65dec2071f" }, "ag" : 1, "balance" : 24951, "client" : { "$oid" : "5a713bdd62f4e265c4e9d00a" }, "account_number" : 198, "password" : "$2a$10$/KSXzOFDuflSs.Sn5UHlOeg8Sa324bP26GZEnW5uuz30d35a75N7G", "__v" : 0, "createdAt" : { "$date" : "2018-01-31T01:45:57.192-0200" }, "updatedAt" : { "$date" : "2018-01-31T01:45:57.192-0200" } }
{ "_id" : { "$oid" : "5a713bf57c7a6c65dec20720" }, "ag" : 1, "balance" : 24682, "client" : { "$oid" : "5a713bdd62f4e265c4e9d00a" }, "account_number" : 199, "password" : "$2a$10$mK7Ozg1fWhr96a61aGNP9uL899GqXF5APiVEjRCyEmh1i4pF5/hd6", "__v" : 0, "createdAt" : { "$date" : "2018-01-31T01:45:57.192-0200" }, "updatedAt" : { "$date" : "2018-01-31T01:45:57.192-0200" } }
{ "_id" : { "$oid" : "5a713bf57c7a6c65dec20721" }, "ag" : 1, "balance" : 276, "client" : { "$oid" : "5a713bdd62f4e265c4e9d00b" }, "account_number" : 200, "password" : "$2a$10$CKv/XzwNX1SOpTJZgcwFRemtmaSc.N.ZrVfngeLKYqAJfEyOPXHTC", "__v" : 0, "createdAt" : { "$date" : "2018-01-31T01:45:57.192-0200" }, "updatedAt" : { "$date" : "2018-01-31T01:45:57.192-0200" } }
