{ "_id" : { "$oid" : "5a713bdd62f4e265c4e9cfa8" }, "name" : "pedro de 0", "document" : 0, "password" : "$2a$10$LOGHpKFxoRtuiUUECgacSOWj3nfMp5Wkplqb5livIFtPbXzpQug5a", "__v" : 0, "createdAt" : { "$date" : "2018-01-31T01:45:33.689-0200" }, "updatedAt" : { "$date" : "2018-01-31T01:45:33.689-0200" } }
{ "_id" : { "$oid" : "5a713bdd62f4e265c4e9cfa9" }, "name" : "bruno de 1", "document" : 1, "password" : "$2a$10$kmfmf0rzwVu4bKnbwk33seb9bxc33vj.n.KROnSJG8HBeFA204Tju", "__v" : 0, "createdAt" : { "$date" : "2018-01-31T01:45:33.689-0200" }, "updatedAt" : { "$date" : "2018-01-31T01:45:33.689-0200" } }
{ "_id" : { "$oid" : "5a713bdd62f4e265c4e9cfaa" }, "name" : "rafael de 2", "document" : 2, "password" : "$2a$10$BEqilRNKtMx5x33FTCVJ4.EWhhvJrhMLo7DzUkij1Iug8VSQj2aOu", "__v" : 0, "createdAt" : { "$date" : "2018-01-31T01:45:33.689-0200" }, "updatedAt" : { "$date" : "2018-01-31T01:45:33.689-0200" } }
{ "_id" : { "$oid" : "5a713bdd62f4e265c4e9cfab" }, "name" : "anselmo de 3", "document" : 3, "password" : "$2a$10$kxQTkn9IGVz806AWgWA7KeMD8SCL1i81kSpuaUZdX1jYfHHNCl.dm", "__v" : 0, "createdAt" : { "$date" : "2018-01-31T01:45:33.689-0200" }, "updatedAt" : { "$date" : "2018-01-31T01:45:33.689-0200" } }
{ "_id" : { "$oid" : "5a713bdd62f4e265c4e9cfac" }, "name" : "geovana de 4", "document" : 4, "password" : "$2a$10$/u0zDtjtvytDmxxLMlk83.RUhkqndohK5gcTQsRZ/ZujhBe/d6uru", "__v" : 0, "createdAt" : { "$date" : "2018-01-31T01:45:33.689-0200" }, "updatedAt" : { "$date" : "2018-01-31T01:45:33.689-0200" } }
{ "_id" : { "$oid" : "5a713bdd62f4e265c4e9cfad" }, "name" : "jennfer de 5", "document" : 5, "password" : "$2a$10$9.Pdl2Txos9fl0Zas.Kb/uYVIloPNCThaAg7uuq68J/CJz.lQrSmS", "__v" : 0, "createdAt" : { "$date" : "2018-01-31T01:45:33.689-0200" }, "updatedAt" : { "$date" : "2018-01-31T01:45:33.689-0200" } }
{ "_id" : { "$oid" : "5a713bdd62f4e265c4e9cfae" }, "name" : "marcos de 6", "document" : 6, "password" : "$2a$10$2oOqerrYqJvp4O1l5gbDseJM1gyD4HYvQzFrreNh7.zJzrfMgCuKS", "__v" : 0, "createdAt" : { "$date" : "2018-01-31T01:45:33.689-0200" }, "updatedAt" : { "$date" : "2018-01-31T01:45:33.689-0200" } }
{ "_id" : { "$oid" : "5a713bdd62f4e265c4e9cfaf" }, "name" : "paulo de 7", "document" : 7, "password" : "$2a$10$LA6TxmZtaWfvRym94qw61OScrR.hIr/X68ppAZBudFMNA0OUFY4mi", "__v" : 0, "createdAt" : { "$date" : "2018-01-31T01:45:33.689-0200" }, "updatedAt" : { "$date" : "2018-01-31T01:45:33.689-0200" } }
{ "_id" : { "$oid" : "5a713bdd62f4e265c4e9cfb0" }, "name" : "ricardo de 8", "document" : 8, "password" : "$2a$10$i.DePa6DGIih9CsS4T9Qs.thu.nTcmRooTbjAVXLeyspfcD1ZZ.FS", "__v" : 0, "createdAt" : { "$date" : "2018-01-31T01:45:33.689-0200" }, "updatedAt" : { "$date" : "2018-01-31T01:45:33.689-0200" } }
{ "_id" : { "$oid" : "5a713bdd62f4e265c4e9cfb1" }, "name" : "pedro de 9", "document" : 9, "password" : "$2a$10$s35N7H3gJcSR5BPtIfMY1e9FEZkQlAkZiG1JegDuXVtxae/DYovYi", "__v" : 0, "createdAt" : { "$date" : "2018-01-31T01:45:33.689-0200" }, "updatedAt" : { "$date" : "2018-01-31T01:45:33.689-0200" } }
{ "_id" : { "$oid" : "5a713bdd62f4e265c4e9cfb2" }, "name" : "bruno de 10", "document" : 10, "password" : "$2a$10$F4e0L05/7AIPYwtzSNscAu3.JQSFPYLYGybp1MxoCT9NUw412WEE.", "__v" : 0, "createdAt" : { "$date" : "2018-01-31T01:45:33.689-0200" }, "updatedAt" : { "$date" : "2018-01-31T01:45:33.689-0200" } }
{ "_id" : { "$oid" : "5a713bdd62f4e265c4e9cfb3" }, "name" : "rafael de 11", "document" : 11, "password" : "$2a$10$RTIx2JQsLWXR7.rJXYn.aOzfCwvGumVJATGh/QLeqnV.JYFPBqH/m", "__v" : 0, "createdAt" : { "$date" : "2018-01-31T01:45:33.690-0200" }, "updatedAt" : { "$date" : "2018-01-31T01:45:33.690-0200" } }
{ "_id" : { "$oid" : "5a713bdd62f4e265c4e9cfb4" }, "name" : "anselmo de 12", "document" : 12, "password" : "$2a$10$VfOIa3IU/1NuUJReYtc2qeNZU5SsndD/MKPNmSfLZKtvXEUMH3YJe", "__v" : 0, "createdAt" : { "$date" : "2018-01-31T01:45:33.690-0200" }, "updatedAt" : { "$date" : "2018-01-31T01:45:33.690-0200" } }
{ "_id" : { "$oid" : "5a713bdd62f4e265c4e9cfb5" }, "name" : "geovana de 13", "document" : 13, "password" : "$2a$10$0DQ4pWwf13Ecs9RjHFRmJOkD36OTXt9EDWn4ZswGGYKb.CxUo2zje", "__v" : 0, "createdAt" : { "$date" : "2018-01-31T01:45:33.690-0200" }, "updatedAt" : { "$date" : "2018-01-31T01:45:33.690-0200" } }
{ "_id" : { "$oid" : "5a713bdd62f4e265c4e9cfb6" }, "name" : "jennfer de 14", "document" : 14, "password" : "$2a$10$Pwy91fPV4gGaejhrBFkowenNKTgxQTU1hke7Q53wsKM8HMQli3Fti", "__v" : 0, "createdAt" : { "$date" : "2018-01-31T01:45:33.690-0200" }, "updatedAt" : { "$date" : "2018-01-31T01:45:33.690-0200" } }
{ "_id" : { "$oid" : "5a713bdd62f4e265c4e9cfb7" }, "name" : "marcos de 15", "document" : 15, "password" : "$2a$10$WTD3kHSPfGaMjDm2zvqgFOtdYZET8vLxBqlPJ5iMKKLI5iVQdKmTC", "__v" : 0, "createdAt" : { "$date" : "2018-01-31T01:45:33.690-0200" }, "updatedAt" : { "$date" : "2018-01-31T01:45:33.690-0200" } }
{ "_id" : { "$oid" : "5a713bdd62f4e265c4e9cfb8" }, "name" : "paulo de 16", "document" : 16, "password" : "$2a$10$4eL/dzSA0W58pxTEhfr90OJcLRnBSEgsQw5nxsomVn94YfP0o9ps2", "__v" : 0, "createdAt" : { "$date" : "2018-01-31T01:45:33.690-0200" }, "updatedAt" : { "$date" : "2018-01-31T01:45:33.690-0200" } }
{ "_id" : { "$oid" : "5a713bdd62f4e265c4e9cfb9" }, "name" : "ricardo de 17", "document" : 17, "password" : "$2a$10$BdzXUYKrTthjPGrArnYAo.0Up.9q.K07BXiSqjot/OTttL.wHQk8O", "__v" : 0, "createdAt" : { "$date" : "2018-01-31T01:45:33.690-0200" }, "updatedAt" : { "$date" : "2018-01-31T01:45:33.690-0200" } }
{ "_id" : { "$oid" : "5a713bdd62f4e265c4e9cfba" }, "name" : "pedro de 18", "document" : 18, "password" : "$2a$10$.qG4AQMa9181eOYwXNrdM.AW/JI/RP4Y90EwNYmNFqyMt2x5sID5y", "__v" : 0, "createdAt" : { "$date" : "2018-01-31T01:45:33.690-0200" }, "updatedAt" : { "$date" : "2018-01-31T01:45:33.690-0200" } }
{ "_id" : { "$oid" : "5a713bdd62f4e265c4e9cfbb" }, "name" : "bruno de 19", "document" : 19, "password" : "$2a$10$20vcgf2McGLy4QacSs17E./FsZA2UOW9t/Hf/hLQUMAwDlAe1c3c.", "__v" : 0, "createdAt" : { "$date" : "2018-01-31T01:45:33.690-0200" }, "updatedAt" : { "$date" : "2018-01-31T01:45:33.690-0200" } }
{ "_id" : { "$oid" : "5a713bdd62f4e265c4e9cfbc" }, "name" : "rafael de 20", "document" : 20, "password" : "$2a$10$tdZhSir8AnFUXv7YGynRheSQpLODhhJRzjZcl1WtYZ/7eIAeBG3YK", "__v" : 0, "createdAt" : { "$date" : "2018-01-31T01:45:33.690-0200" }, "updatedAt" : { "$date" : "2018-01-31T01:45:33.690-0200" } }
{ "_id" : { "$oid" : "5a713bdd62f4e265c4e9cfbd" }, "name" : "anselmo de 21", "document" : 21, "password" : "$2a$10$O6M4DE/GENTAQ9T9DI2SK.OMGDebsemqpt0Husb6.nLHgypcj6JQW", "__v" : 0, "createdAt" : { "$date" : "2018-01-31T01:45:33.690-0200" }, "updatedAt" : { "$date" : "2018-01-31T01:45:33.690-0200" } }
{ "_id" : { "$oid" : "5a713bdd62f4e265c4e9cfbe" }, "name" : "geovana de 22", "document" : 22, "password" : "$2a$10$GSNCR0OlISf5k2OwgZm7e.DS63WZDNm4ftvRVzT/pv6O6WIDKUldO", "__v" : 0, "createdAt" : { "$date" : "2018-01-31T01:45:33.690-0200" }, "updatedAt" : { "$date" : "2018-01-31T01:45:33.690-0200" } }
{ "_id" : { "$oid" : "5a713bdd62f4e265c4e9cfbf" }, "name" : "jennfer de 23", "document" : 23, "password" : "$2a$10$r6Fuv4LIek/8PWzmmCjHG.v9KGJMBU.ChSmfSToA2vqlDvi3GSz.a", "__v" : 0, "createdAt" : { "$date" : "2018-01-31T01:45:33.690-0200" }, "updatedAt" : { "$date" : "2018-01-31T01:45:33.690-0200" } }
{ "_id" : { "$oid" : "5a713bdd62f4e265c4e9cfc0" }, "name" : "marcos de 24", "document" : 24, "password" : "$2a$10$EzMwYYFjKZnc02ozQAPiuuqsmXpafSfNhFyubC8jz7Dxz1wXBKHG2", "__v" : 0, "createdAt" : { "$date" : "2018-01-31T01:45:33.690-0200" }, "updatedAt" : { "$date" : "2018-01-31T01:45:33.690-0200" } }
{ "_id" : { "$oid" : "5a713bdd62f4e265c4e9cfc1" }, "name" : "paulo de 25", "document" : 25, "password" : "$2a$10$1upQqFL39mHheYpSLh8CBO2CjLPnMQobl9ETzugHXjXFObGSnqbAC", "__v" : 0, "createdAt" : { "$date" : "2018-01-31T01:45:33.690-0200" }, "updatedAt" : { "$date" : "2018-01-31T01:45:33.690-0200" } }
{ "_id" : { "$oid" : "5a713bdd62f4e265c4e9cfc2" }, "name" : "ricardo de 26", "document" : 26, "password" : "$2a$10$o0n7HemRdY3FKmcZrs9VGeC67mWPrJ8QiikYNtVc805CXrtx8sav.", "__v" : 0, "createdAt" : { "$date" : "2018-01-31T01:45:33.690-0200" }, "updatedAt" : { "$date" : "2018-01-31T01:45:33.690-0200" } }
{ "_id" : { "$oid" : "5a713bdd62f4e265c4e9cfc3" }, "name" : "pedro de 27", "document" : 27, "password" : "$2a$10$CIiQPEO9TuKzHIc/nfoCC.gYfILAmh/xKdiRx1hzDr4o46MKyHDZu", "__v" : 0, "createdAt" : { "$date" : "2018-01-31T01:45:33.690-0200" }, "updatedAt" : { "$date" : "2018-01-31T01:45:33.690-0200" } }
{ "_id" : { "$oid" : "5a713bdd62f4e265c4e9cfc4" }, "name" : "bruno de 28", "document" : 28, "password" : "$2a$10$5rF9Tw.aH8mCRKpO9eLb8uZoyk9rPpMfdUbTrGN0TUBlnjng7CMby", "__v" : 0, "createdAt" : { "$date" : "2018-01-31T01:45:33.690-0200" }, "updatedAt" : { "$date" : "2018-01-31T01:45:33.690-0200" } }
{ "_id" : { "$oid" : "5a713bdd62f4e265c4e9cfc5" }, "name" : "rafael de 29", "document" : 29, "password" : "$2a$10$l3SFK30kfKu62Zh6X2FqGe6jPhEVGbaJZj5kjxC6McBrzVzTNYu7i", "__v" : 0, "createdAt" : { "$date" : "2018-01-31T01:45:33.690-0200" }, "updatedAt" : { "$date" : "2018-01-31T01:45:33.690-0200" } }
{ "_id" : { "$oid" : "5a713bdd62f4e265c4e9cfc6" }, "name" : "anselmo de 30", "document" : 30, "password" : "$2a$10$NpuogS2QaQ4Zk5bYr.94AuRdRZNX48NHi8bouyikpD1byH12O9/Ei", "__v" : 0, "createdAt" : { "$date" : "2018-01-31T01:45:33.690-0200" }, "updatedAt" : { "$date" : "2018-01-31T01:45:33.690-0200" } }
{ "_id" : { "$oid" : "5a713bdd62f4e265c4e9cfc7" }, "name" : "geovana de 31", "document" : 31, "password" : "$2a$10$lRbBP/T.YWu.B2mum3ipq..cm2LJevSW.E1CRp50QzjuBKUfnv6aW", "__v" : 0, "createdAt" : { "$date" : "2018-01-31T01:45:33.690-0200" }, "updatedAt" : { "$date" : "2018-01-31T01:45:33.690-0200" } }
{ "_id" : { "$oid" : "5a713bdd62f4e265c4e9cfc8" }, "name" : "jennfer de 32", "document" : 32, "password" : "$2a$10$w.NJGnlLveR.3Pd3FOdDLuJ2h4DqElIEQfcAnL9kxFPbnY4EKTIzS", "__v" : 0, "createdAt" : { "$date" : "2018-01-31T01:45:33.690-0200" }, "updatedAt" : { "$date" : "2018-01-31T01:45:33.690-0200" } }
{ "_id" : { "$oid" : "5a713bdd62f4e265c4e9cfc9" }, "name" : "marcos de 33", "document" : 33, "password" : "$2a$10$5O0uhUOHJJye20.S1383wOIW0D.Ce2WuJvrUhra05z7VRUKt.4GPm", "__v" : 0, "createdAt" : { "$date" : "2018-01-31T01:45:33.690-0200" }, "updatedAt" : { "$date" : "2018-01-31T01:45:33.690-0200" } }
{ "_id" : { "$oid" : "5a713bdd62f4e265c4e9cfca" }, "name" : "paulo de 34", "document" : 34, "password" : "$2a$10$cmvDXEDnHN26MsuQD5A4a.047N783ZRN.7nBYRzQGjrggT6Jryxe2", "__v" : 0, "createdAt" : { "$date" : "2018-01-31T01:45:33.690-0200" }, "updatedAt" : { "$date" : "2018-01-31T01:45:33.690-0200" } }
{ "_id" : { "$oid" : "5a713bdd62f4e265c4e9cfcb" }, "name" : "ricardo de 35", "document" : 35, "password" : "$2a$10$wypoDGtg0sSHndKM6WNmk.H6q95beLFZt84uEE4hH97vLej1virue", "__v" : 0, "createdAt" : { "$date" : "2018-01-31T01:45:33.690-0200" }, "updatedAt" : { "$date" : "2018-01-31T01:45:33.690-0200" } }
{ "_id" : { "$oid" : "5a713bdd62f4e265c4e9cfcc" }, "name" : "pedro de 36", "document" : 36, "password" : "$2a$10$XmnlVC06UcQgvRgaVlXxH.yAY2GjSodfqm6kcvYUQyXNsr5TqhqL2", "__v" : 0, "createdAt" : { "$date" : "2018-01-31T01:45:33.690-0200" }, "updatedAt" : { "$date" : "2018-01-31T01:45:33.690-0200" } }
{ "_id" : { "$oid" : "5a713bdd62f4e265c4e9cfcd" }, "name" : "bruno de 37", "document" : 37, "password" : "$2a$10$injlAZ3.i51rQ4Rvaf4WQ.pddalnB/2d5wQ0Uj9.al1hIEgFyk7ZW", "__v" : 0, "createdAt" : { "$date" : "2018-01-31T01:45:33.690-0200" }, "updatedAt" : { "$date" : "2018-01-31T01:45:33.690-0200" } }
{ "_id" : { "$oid" : "5a713bdd62f4e265c4e9cfce" }, "name" : "rafael de 38", "document" : 38, "password" : "$2a$10$7EM3fXPUyshy1ykhLFz03uuefVi91D3iouBG2nE9h4d1W2Qh6cr52", "__v" : 0, "createdAt" : { "$date" : "2018-01-31T01:45:33.690-0200" }, "updatedAt" : { "$date" : "2018-01-31T01:45:33.690-0200" } }
{ "_id" : { "$oid" : "5a713bdd62f4e265c4e9cfcf" }, "name" : "anselmo de 39", "document" : 39, "password" : "$2a$10$Stk27YJrfAYhRwzQjt.q.e8HVNXE70yAQ6FQDNOY75Vp1eO9MIZtS", "__v" : 0, "createdAt" : { "$date" : "2018-01-31T01:45:33.690-0200" }, "updatedAt" : { "$date" : "2018-01-31T01:45:33.690-0200" } }
{ "_id" : { "$oid" : "5a713bdd62f4e265c4e9cfd0" }, "name" : "geovana de 40", "document" : 40, "password" : "$2a$10$Aa/sBAJQyL/csjSD7z06LORJbqfOoo.GCHEbTQSG4b/pMV/v611tK", "__v" : 0, "createdAt" : { "$date" : "2018-01-31T01:45:33.691-0200" }, "updatedAt" : { "$date" : "2018-01-31T01:45:33.691-0200" } }
{ "_id" : { "$oid" : "5a713bdd62f4e265c4e9cfd1" }, "name" : "jennfer de 41", "document" : 41, "password" : "$2a$10$GjRRpRLoh6lXU3SDYyjX/OXwoqz168hNHbUAEAp6Q0OAR7pbc5e22", "__v" : 0, "createdAt" : { "$date" : "2018-01-31T01:45:33.691-0200" }, "updatedAt" : { "$date" : "2018-01-31T01:45:33.691-0200" } }
{ "_id" : { "$oid" : "5a713bdd62f4e265c4e9cfd2" }, "name" : "marcos de 42", "document" : 42, "password" : "$2a$10$CfI2SGmg0ZNhhBiov4B0Zu70Y.No.tgjZxlbE/f49g4PfMEses27O", "__v" : 0, "createdAt" : { "$date" : "2018-01-31T01:45:33.691-0200" }, "updatedAt" : { "$date" : "2018-01-31T01:45:33.691-0200" } }
{ "_id" : { "$oid" : "5a713bdd62f4e265c4e9cfd3" }, "name" : "paulo de 43", "document" : 43, "password" : "$2a$10$wUzlSpb12dgoXnXNj1M0pOgcke.ZY9n1PbcAwoYK3jWzdFsnvztNm", "__v" : 0, "createdAt" : { "$date" : "2018-01-31T01:45:33.691-0200" }, "updatedAt" : { "$date" : "2018-01-31T01:45:33.691-0200" } }
{ "_id" : { "$oid" : "5a713bdd62f4e265c4e9cfd4" }, "name" : "ricardo de 44", "document" : 44, "password" : "$2a$10$PzSbR3HcoCAANSs0AEptZ.7/rTCerUkLaRLD1aBF.T30K9JsqwfNe", "__v" : 0, "createdAt" : { "$date" : "2018-01-31T01:45:33.691-0200" }, "updatedAt" : { "$date" : "2018-01-31T01:45:33.691-0200" } }
{ "_id" : { "$oid" : "5a713bdd62f4e265c4e9cfd5" }, "name" : "pedro de 45", "document" : 45, "password" : "$2a$10$sxi/in9L82dWRRRJN2S6K.FEt0bVCqx4T9iowb0aHiOV6Uvuxxid.", "__v" : 0, "createdAt" : { "$date" : "2018-01-31T01:45:33.691-0200" }, "updatedAt" : { "$date" : "2018-01-31T01:45:33.691-0200" } }
{ "_id" : { "$oid" : "5a713bdd62f4e265c4e9cfd6" }, "name" : "bruno de 46", "document" : 46, "password" : "$2a$10$dz4U76cF5XzBbpUr/e8T8uZcICsVTEpM8n67LMFMEqg7sCuw2OOiO", "__v" : 0, "createdAt" : { "$date" : "2018-01-31T01:45:33.691-0200" }, "updatedAt" : { "$date" : "2018-01-31T01:45:33.691-0200" } }
{ "_id" : { "$oid" : "5a713bdd62f4e265c4e9cfd7" }, "name" : "rafael de 47", "document" : 47, "password" : "$2a$10$jJyC9kagyWw2CGE2S6AZ5.kV4p/zW.t1WzZcv2XYt6aOkufuDKAzC", "__v" : 0, "createdAt" : { "$date" : "2018-01-31T01:45:33.691-0200" }, "updatedAt" : { "$date" : "2018-01-31T01:45:33.691-0200" } }
{ "_id" : { "$oid" : "5a713bdd62f4e265c4e9cfd8" }, "name" : "anselmo de 48", "document" : 48, "password" : "$2a$10$8VV8khsryWD6LtAhs9TwkO0hplg7GbCLhM.nePX.E0vCf8MNHOeHm", "__v" : 0, "createdAt" : { "$date" : "2018-01-31T01:45:33.691-0200" }, "updatedAt" : { "$date" : "2018-01-31T01:45:33.691-0200" } }
{ "_id" : { "$oid" : "5a713bdd62f4e265c4e9cfd9" }, "name" : "geovana de 49", "document" : 49, "password" : "$2a$10$2MSoyZ1Zz6C7.DyFhhHi/egGRVsqx35y4LMIEYBoT41QD2sxI51Ra", "__v" : 0, "createdAt" : { "$date" : "2018-01-31T01:45:33.691-0200" }, "updatedAt" : { "$date" : "2018-01-31T01:45:33.691-0200" } }
{ "_id" : { "$oid" : "5a713bdd62f4e265c4e9cfda" }, "name" : "jennfer de 50", "document" : 50, "password" : "$2a$10$pjNDmRlN54omDfs1Ha6QfO16dHK.6GXir8LGWSrtMWavT0TzvOJIK", "__v" : 0, "createdAt" : { "$date" : "2018-01-31T01:45:33.691-0200" }, "updatedAt" : { "$date" : "2018-01-31T01:45:33.691-0200" } }
{ "_id" : { "$oid" : "5a713bdd62f4e265c4e9cfdb" }, "name" : "marcos de 51", "document" : 51, "password" : "$2a$10$rFO9opYqJeLh.pRs28.P9OGbkUnwgvqH1rSi50KP3aScdWB3Wygmi", "__v" : 0, "createdAt" : { "$date" : "2018-01-31T01:45:33.691-0200" }, "updatedAt" : { "$date" : "2018-01-31T01:45:33.691-0200" } }
{ "_id" : { "$oid" : "5a713bdd62f4e265c4e9cfdc" }, "name" : "paulo de 52", "document" : 52, "password" : "$2a$10$BWNcwnS71jl3WLccJ48kcODqLotyXcL/6dYN8lTrD60/mjs31xdFq", "__v" : 0, "createdAt" : { "$date" : "2018-01-31T01:45:33.691-0200" }, "updatedAt" : { "$date" : "2018-01-31T01:45:33.691-0200" } }
{ "_id" : { "$oid" : "5a713bdd62f4e265c4e9cfdd" }, "name" : "ricardo de 53", "document" : 53, "password" : "$2a$10$evdzXRASwgRvwxMiCNlr0eg6ooZb9WzIcoQf2sTAwtkN7gzYRQigG", "__v" : 0, "createdAt" : { "$date" : "2018-01-31T01:45:33.691-0200" }, "updatedAt" : { "$date" : "2018-01-31T01:45:33.691-0200" } }
{ "_id" : { "$oid" : "5a713bdd62f4e265c4e9cfde" }, "name" : "pedro de 54", "document" : 54, "password" : "$2a$10$gN3.vmSoK0GN1z8s9wem5.Mv7OZsm5jTo8C8iyEEH44LBqaURcVo6", "__v" : 0, "createdAt" : { "$date" : "2018-01-31T01:45:33.691-0200" }, "updatedAt" : { "$date" : "2018-01-31T01:45:33.691-0200" } }
{ "_id" : { "$oid" : "5a713bdd62f4e265c4e9cfdf" }, "name" : "bruno de 55", "document" : 55, "password" : "$2a$10$Lu2e.MsWG3HFeuPaEHz8/uxe00PZBAxwa.O1A5SEig8mF1dfnfNUW", "__v" : 0, "createdAt" : { "$date" : "2018-01-31T01:45:33.691-0200" }, "updatedAt" : { "$date" : "2018-01-31T01:45:33.691-0200" } }
{ "_id" : { "$oid" : "5a713bdd62f4e265c4e9cfe0" }, "name" : "rafael de 56", "document" : 56, "password" : "$2a$10$qHEIPq5eQlAc43Greo5cFeK6m0ONddSvTJGvPr21.FfB/NUsQjXmS", "__v" : 0, "createdAt" : { "$date" : "2018-01-31T01:45:33.691-0200" }, "updatedAt" : { "$date" : "2018-01-31T01:45:33.691-0200" } }
{ "_id" : { "$oid" : "5a713bdd62f4e265c4e9cfe1" }, "name" : "anselmo de 57", "document" : 57, "password" : "$2a$10$zOjLhXNkLC33kgVppEOcpuNRtpwJoCppFsowrX0i27mORnZSLuPTG", "__v" : 0, "createdAt" : { "$date" : "2018-01-31T01:45:33.691-0200" }, "updatedAt" : { "$date" : "2018-01-31T01:45:33.691-0200" } }
{ "_id" : { "$oid" : "5a713bdd62f4e265c4e9cfe2" }, "name" : "geovana de 58", "document" : 58, "password" : "$2a$10$.XhtwbSQMFTEGdQ8/LTqAOsKkOdbQmybquzsb3fld09Psp8FrLKYq", "__v" : 0, "createdAt" : { "$date" : "2018-01-31T01:45:33.691-0200" }, "updatedAt" : { "$date" : "2018-01-31T01:45:33.691-0200" } }
{ "_id" : { "$oid" : "5a713bdd62f4e265c4e9cfe3" }, "name" : "jennfer de 59", "document" : 59, "password" : "$2a$10$oxoH/B9rPIpwujwhnqucyeIueoXObUegYwknLJHMdi6/ZLEd4DDJi", "__v" : 0, "createdAt" : { "$date" : "2018-01-31T01:45:33.691-0200" }, "updatedAt" : { "$date" : "2018-01-31T01:45:33.691-0200" } }
{ "_id" : { "$oid" : "5a713bdd62f4e265c4e9cfe4" }, "name" : "marcos de 60", "document" : 60, "password" : "$2a$10$AekvU018mwfvLdwNena1mege8qJEZyOam9CQSIrHtcD03tN0I.PpK", "__v" : 0, "createdAt" : { "$date" : "2018-01-31T01:45:33.691-0200" }, "updatedAt" : { "$date" : "2018-01-31T01:45:33.691-0200" } }
{ "_id" : { "$oid" : "5a713bdd62f4e265c4e9cfe5" }, "name" : "paulo de 61", "document" : 61, "password" : "$2a$10$MLznh7ulZvCi96rEl0K2yuHmnOpK0e4jCxy5SETukYMFgyoQQBniS", "__v" : 0, "createdAt" : { "$date" : "2018-01-31T01:45:33.691-0200" }, "updatedAt" : { "$date" : "2018-01-31T01:45:33.691-0200" } }
{ "_id" : { "$oid" : "5a713bdd62f4e265c4e9cfe6" }, "name" : "ricardo de 62", "document" : 62, "password" : "$2a$10$E/FD0J/iJBE4Mf43gIJ3cO8jQ1D8lhZ6mCGbka4remDWIS36MrcXC", "__v" : 0, "createdAt" : { "$date" : "2018-01-31T01:45:33.691-0200" }, "updatedAt" : { "$date" : "2018-01-31T01:45:33.691-0200" } }
{ "_id" : { "$oid" : "5a713bdd62f4e265c4e9cfe7" }, "name" : "pedro de 63", "document" : 63, "password" : "$2a$10$T1NLKuS9nCHr6viMMtTHU..L4zpmKs5E6vgyfsZ1Hz5xqH3tJq/Gy", "__v" : 0, "createdAt" : { "$date" : "2018-01-31T01:45:33.691-0200" }, "updatedAt" : { "$date" : "2018-01-31T01:45:33.691-0200" } }
{ "_id" : { "$oid" : "5a713bdd62f4e265c4e9cfe8" }, "name" : "bruno de 64", "document" : 64, "password" : "$2a$10$j99ImRtV.TKZXLEuOuTpze5nJRGY.3DfnekHRFcO3EsUL6vU3a0M2", "__v" : 0, "createdAt" : { "$date" : "2018-01-31T01:45:33.691-0200" }, "updatedAt" : { "$date" : "2018-01-31T01:45:33.691-0200" } }
{ "_id" : { "$oid" : "5a713bdd62f4e265c4e9cfe9" }, "name" : "rafael de 65", "document" : 65, "password" : "$2a$10$tfi2DCPN6k5ZbCc1yOxTZOpDL1UYhQpSP4p.xfdn.vpCt9dDsWhY.", "__v" : 0, "createdAt" : { "$date" : "2018-01-31T01:45:33.691-0200" }, "updatedAt" : { "$date" : "2018-01-31T01:45:33.691-0200" } }
{ "_id" : { "$oid" : "5a713bdd62f4e265c4e9cfea" }, "name" : "anselmo de 66", "document" : 66, "password" : "$2a$10$kjT8aasQxAgV50H979MITOArgbBqn9.Q6Sh6QuywZWcldaK31uNUG", "__v" : 0, "createdAt" : { "$date" : "2018-01-31T01:45:33.692-0200" }, "updatedAt" : { "$date" : "2018-01-31T01:45:33.692-0200" } }
{ "_id" : { "$oid" : "5a713bdd62f4e265c4e9cfeb" }, "name" : "geovana de 67", "document" : 67, "password" : "$2a$10$PUgg7S7avTST50f4wTz1De4yRJGWcXqQtjiiFXEWieI7QtsOsq0ny", "__v" : 0, "createdAt" : { "$date" : "2018-01-31T01:45:33.692-0200" }, "updatedAt" : { "$date" : "2018-01-31T01:45:33.692-0200" } }
{ "_id" : { "$oid" : "5a713bdd62f4e265c4e9cfec" }, "name" : "jennfer de 68", "document" : 68, "password" : "$2a$10$ARV/Vpyn43idf46P1wUCGOsK08qyT4ei5lCwmXd2/5jXnePyO6Rc.", "__v" : 0, "createdAt" : { "$date" : "2018-01-31T01:45:33.692-0200" }, "updatedAt" : { "$date" : "2018-01-31T01:45:33.692-0200" } }
{ "_id" : { "$oid" : "5a713bdd62f4e265c4e9cfed" }, "name" : "marcos de 69", "document" : 69, "password" : "$2a$10$RtpJ07goylXk8ScLFY.4S.J2ZCwj0wO16hpKG0z6mFJoxpTiwUvci", "__v" : 0, "createdAt" : { "$date" : "2018-01-31T01:45:33.692-0200" }, "updatedAt" : { "$date" : "2018-01-31T01:45:33.692-0200" } }
{ "_id" : { "$oid" : "5a713bdd62f4e265c4e9cfee" }, "name" : "paulo de 70", "document" : 70, "password" : "$2a$10$M8KvEuVCFoznQFsezrRdK.kspQe6kCtKC.RAImbO.qC5BbvAAHHES", "__v" : 0, "createdAt" : { "$date" : "2018-01-31T01:45:33.692-0200" }, "updatedAt" : { "$date" : "2018-01-31T01:45:33.692-0200" } }
{ "_id" : { "$oid" : "5a713bdd62f4e265c4e9cfef" }, "name" : "ricardo de 71", "document" : 71, "password" : "$2a$10$S4xysTus4E6Y3h.mt4750OA7mVvAdAnqzzUOM.JzK.N.CDHg/hOVi", "__v" : 0, "createdAt" : { "$date" : "2018-01-31T01:45:33.692-0200" }, "updatedAt" : { "$date" : "2018-01-31T01:45:33.692-0200" } }
{ "_id" : { "$oid" : "5a713bdd62f4e265c4e9cff0" }, "name" : "pedro de 72", "document" : 72, "password" : "$2a$10$dz.BzcO.XfjTrwuvoin52O7yixZBmFtifAYNxJmYuCeEB0pH80hmK", "__v" : 0, "createdAt" : { "$date" : "2018-01-31T01:45:33.692-0200" }, "updatedAt" : { "$date" : "2018-01-31T01:45:33.692-0200" } }
{ "_id" : { "$oid" : "5a713bdd62f4e265c4e9cff1" }, "name" : "bruno de 73", "document" : 73, "password" : "$2a$10$RR1yTt5VdBZo7wGk4j7jxOn//hoH52XONAmbb7AhhjSlJ3zwiC9Gy", "__v" : 0, "createdAt" : { "$date" : "2018-01-31T01:45:33.692-0200" }, "updatedAt" : { "$date" : "2018-01-31T01:45:33.692-0200" } }
{ "_id" : { "$oid" : "5a713bdd62f4e265c4e9cff2" }, "name" : "rafael de 74", "document" : 74, "password" : "$2a$10$aMFPtCLLCAsTDn.cioPxJ.q9kthAC6LGfDKGiqGbDDNPqpoKpkfxi", "__v" : 0, "createdAt" : { "$date" : "2018-01-31T01:45:33.692-0200" }, "updatedAt" : { "$date" : "2018-01-31T01:45:33.692-0200" } }
{ "_id" : { "$oid" : "5a713bdd62f4e265c4e9cff3" }, "name" : "anselmo de 75", "document" : 75, "password" : "$2a$10$U7Cnm3ERr.ZDnZjkKD9Ur..6NUM0.oDHaki.ITYzOQYwwGEzxUvD.", "__v" : 0, "createdAt" : { "$date" : "2018-01-31T01:45:33.692-0200" }, "updatedAt" : { "$date" : "2018-01-31T01:45:33.692-0200" } }
{ "_id" : { "$oid" : "5a713bdd62f4e265c4e9cff4" }, "name" : "geovana de 76", "document" : 76, "password" : "$2a$10$yNZffABn8C3OhkAtXBapiupnMiZnE2sYgSIfdFDbAN8gJd2AlTsaq", "__v" : 0, "createdAt" : { "$date" : "2018-01-31T01:45:33.692-0200" }, "updatedAt" : { "$date" : "2018-01-31T01:45:33.692-0200" } }
{ "_id" : { "$oid" : "5a713bdd62f4e265c4e9cff5" }, "name" : "jennfer de 77", "document" : 77, "password" : "$2a$10$SvqEVVfvgTN9XD4jsLOxqe7YFs2KjNxjxbBxrO7z0XIyz1tYygRxS", "__v" : 0, "createdAt" : { "$date" : "2018-01-31T01:45:33.692-0200" }, "updatedAt" : { "$date" : "2018-01-31T01:45:33.692-0200" } }
{ "_id" : { "$oid" : "5a713bdd62f4e265c4e9cff6" }, "name" : "marcos de 78", "document" : 78, "password" : "$2a$10$7zQYilzQWqDT3/U885S/judVJAbA4De.vVVDBbo5zDrsvdY6Ystqm", "__v" : 0, "createdAt" : { "$date" : "2018-01-31T01:45:33.692-0200" }, "updatedAt" : { "$date" : "2018-01-31T01:45:33.692-0200" } }
{ "_id" : { "$oid" : "5a713bdd62f4e265c4e9cff7" }, "name" : "paulo de 79", "document" : 79, "password" : "$2a$10$yhk3hLcIACSBsMbjkobhJ.rvZpukoEjPjmpNSs.jUz50.rYtqU1UC", "__v" : 0, "createdAt" : { "$date" : "2018-01-31T01:45:33.692-0200" }, "updatedAt" : { "$date" : "2018-01-31T01:45:33.692-0200" } }
{ "_id" : { "$oid" : "5a713bdd62f4e265c4e9cff8" }, "name" : "ricardo de 80", "document" : 80, "password" : "$2a$10$GkxzIts86WdNnxZeiOoTIud/JXH78bYKTGfrujKsOvfTEGuMjCp3C", "__v" : 0, "createdAt" : { "$date" : "2018-01-31T01:45:33.692-0200" }, "updatedAt" : { "$date" : "2018-01-31T01:45:33.692-0200" } }
{ "_id" : { "$oid" : "5a713bdd62f4e265c4e9cff9" }, "name" : "pedro de 81", "document" : 81, "password" : "$2a$10$TkA9Wj8Y5e0ug4yeewfRmOiv5BvxuX9pjT0GNU5MclTkKkPZsNfP6", "__v" : 0, "createdAt" : { "$date" : "2018-01-31T01:45:33.692-0200" }, "updatedAt" : { "$date" : "2018-01-31T01:45:33.692-0200" } }
{ "_id" : { "$oid" : "5a713bdd62f4e265c4e9cffa" }, "name" : "bruno de 82", "document" : 82, "password" : "$2a$10$MTWI7A8VWTEiBI6YTZC8wuya9kQTjKNMjNG8o2JmfJVgKc.7Cc7P.", "__v" : 0, "createdAt" : { "$date" : "2018-01-31T01:45:33.692-0200" }, "updatedAt" : { "$date" : "2018-01-31T01:45:33.692-0200" } }
{ "_id" : { "$oid" : "5a713bdd62f4e265c4e9cffb" }, "name" : "rafael de 83", "document" : 83, "password" : "$2a$10$A8T71m5kJukhkl4emMciCe5HJQQtTJqOC8CCCCpX3piYr3fBmw6gO", "__v" : 0, "createdAt" : { "$date" : "2018-01-31T01:45:33.692-0200" }, "updatedAt" : { "$date" : "2018-01-31T01:45:33.692-0200" } }
{ "_id" : { "$oid" : "5a713bdd62f4e265c4e9cffc" }, "name" : "anselmo de 84", "document" : 84, "password" : "$2a$10$pxzOhoIk/G3xNswlgpjVEO5KoMEarcWeV7CDMBhhVFg3aiDaPOv/y", "__v" : 0, "createdAt" : { "$date" : "2018-01-31T01:45:33.692-0200" }, "updatedAt" : { "$date" : "2018-01-31T01:45:33.692-0200" } }
{ "_id" : { "$oid" : "5a713bdd62f4e265c4e9cffd" }, "name" : "geovana de 85", "document" : 85, "password" : "$2a$10$wMmeCK8T29kVqO6.I7Kd6unKtvJwS1koLT3zui4OYVLfUS81kEkNC", "__v" : 0, "createdAt" : { "$date" : "2018-01-31T01:45:33.692-0200" }, "updatedAt" : { "$date" : "2018-01-31T01:45:33.692-0200" } }
{ "_id" : { "$oid" : "5a713bdd62f4e265c4e9cffe" }, "name" : "jennfer de 86", "document" : 86, "password" : "$2a$10$YVAsGw6wn27h8djYX5OwnuS1G3SG9mIqTx.aL.ksQoaR6Kohc3Lxu", "__v" : 0, "createdAt" : { "$date" : "2018-01-31T01:45:33.692-0200" }, "updatedAt" : { "$date" : "2018-01-31T01:45:33.692-0200" } }
{ "_id" : { "$oid" : "5a713bdd62f4e265c4e9cfff" }, "name" : "marcos de 87", "document" : 87, "password" : "$2a$10$dRgP1itIrlyX22eWzaiO3.cETXJXbxPzhcyY0W22diiOjQbPBGp/.", "__v" : 0, "createdAt" : { "$date" : "2018-01-31T01:45:33.692-0200" }, "updatedAt" : { "$date" : "2018-01-31T01:45:33.692-0200" } }
{ "_id" : { "$oid" : "5a713bdd62f4e265c4e9d000" }, "name" : "paulo de 88", "document" : 88, "password" : "$2a$10$JOkL8XdTzBCrYzguLpa5OOib3k65UjlmB86KHooChI2d95bUMwjze", "__v" : 0, "createdAt" : { "$date" : "2018-01-31T01:45:33.692-0200" }, "updatedAt" : { "$date" : "2018-01-31T01:45:33.692-0200" } }
{ "_id" : { "$oid" : "5a713bdd62f4e265c4e9d001" }, "name" : "ricardo de 89", "document" : 89, "password" : "$2a$10$pitpsFKhcmSadcFFJ6vGWuBGhaN6s3hlK.3oq4OFnurm1uGPEe8JW", "__v" : 0, "createdAt" : { "$date" : "2018-01-31T01:45:33.692-0200" }, "updatedAt" : { "$date" : "2018-01-31T01:45:33.692-0200" } }
{ "_id" : { "$oid" : "5a713bdd62f4e265c4e9d002" }, "name" : "pedro de 90", "document" : 90, "password" : "$2a$10$a4NNvhj0KwIuoU2Uy0Gh8eIwsSFcHkCQwuIBNWWSKerdXJXPiYntK", "__v" : 0, "createdAt" : { "$date" : "2018-01-31T01:45:33.692-0200" }, "updatedAt" : { "$date" : "2018-01-31T01:45:33.692-0200" } }
{ "_id" : { "$oid" : "5a713bdd62f4e265c4e9d003" }, "name" : "bruno de 91", "document" : 91, "password" : "$2a$10$nds4m3XQYW1.jml7sgTJSeWElp.w8HG/SHEF9dCmQXX.052DqE4pC", "__v" : 0, "createdAt" : { "$date" : "2018-01-31T01:45:33.692-0200" }, "updatedAt" : { "$date" : "2018-01-31T01:45:33.692-0200" } }
{ "_id" : { "$oid" : "5a713bdd62f4e265c4e9d004" }, "name" : "rafael de 92", "document" : 92, "password" : "$2a$10$d.VMBvHPdfiPVc1kyp9K3e4DyfS6dUMvA7njXAm6UUlxBsZ6Paiou", "__v" : 0, "createdAt" : { "$date" : "2018-01-31T01:45:33.692-0200" }, "updatedAt" : { "$date" : "2018-01-31T01:45:33.692-0200" } }
{ "_id" : { "$oid" : "5a713bdd62f4e265c4e9d005" }, "name" : "anselmo de 93", "document" : 93, "password" : "$2a$10$sJM7vYChb2wo43gsxzBUueNJA6U6CezdpWD6/unnXo9BX9gMY1CWi", "__v" : 0, "createdAt" : { "$date" : "2018-01-31T01:45:33.692-0200" }, "updatedAt" : { "$date" : "2018-01-31T01:45:33.692-0200" } }
{ "_id" : { "$oid" : "5a713bdd62f4e265c4e9d006" }, "name" : "geovana de 94", "document" : 94, "password" : "$2a$10$59B36SijoVtH3S1kSQ32rObIhn9dsIqMv2dkZPNAXVY8OSSXQl9C6", "__v" : 0, "createdAt" : { "$date" : "2018-01-31T01:45:33.693-0200" }, "updatedAt" : { "$date" : "2018-01-31T01:45:33.693-0200" } }
{ "_id" : { "$oid" : "5a713bdd62f4e265c4e9d007" }, "name" : "jennfer de 95", "document" : 95, "password" : "$2a$10$gxmM77GQv2zvt9SPL8RkJeh7ixwL/E/6b/C2fYCze9jzNEQ4/wcna", "__v" : 0, "createdAt" : { "$date" : "2018-01-31T01:45:33.693-0200" }, "updatedAt" : { "$date" : "2018-01-31T01:45:33.693-0200" } }
{ "_id" : { "$oid" : "5a713bdd62f4e265c4e9d008" }, "name" : "marcos de 96", "document" : 96, "password" : "$2a$10$NyaPr33tXeZF6EM2C0A2.euMn1lh02nDnqjC/oLSbnCr2s3whGr/q", "__v" : 0, "createdAt" : { "$date" : "2018-01-31T01:45:33.693-0200" }, "updatedAt" : { "$date" : "2018-01-31T01:45:33.693-0200" } }
{ "_id" : { "$oid" : "5a713bdd62f4e265c4e9d009" }, "name" : "paulo de 97", "document" : 97, "password" : "$2a$10$OAmdXlb6O78hoF/r4TBePuxaHIeGcgPJU//MD5ni7fvny330z2ZDG", "__v" : 0, "createdAt" : { "$date" : "2018-01-31T01:45:33.693-0200" }, "updatedAt" : { "$date" : "2018-01-31T01:45:33.693-0200" } }
{ "_id" : { "$oid" : "5a713bdd62f4e265c4e9d00a" }, "name" : "ricardo de 98", "document" : 98, "password" : "$2a$10$ZrA829U0uZZVMX/I0hQo9uT5.SYti8EdBZsB0e1CkaSJbmawqGt7.", "__v" : 0, "createdAt" : { "$date" : "2018-01-31T01:45:33.693-0200" }, "updatedAt" : { "$date" : "2018-01-31T01:45:33.693-0200" } }
{ "_id" : { "$oid" : "5a713bdd62f4e265c4e9d00b" }, "name" : "pedro de 99", "document" : 99, "password" : "$2a$10$SwBIis1QRbxEM4QsTgAG9.YbnhvqZKMzEN2/GZ720XhD4ugk9b5v2", "__v" : 0, "createdAt" : { "$date" : "2018-01-31T01:45:33.693-0200" }, "updatedAt" : { "$date" : "2018-01-31T01:45:33.693-0200" } }
